Open,High,Low,Close
96.97,100.68,96.37,96.97
100.48,102.43,99.21,99.63
102.39,102.94,100.15,102.23
101.7,105.17,101.54,101.91
104.65,106.95,104.25,104.42
104.85,105.79,103.33,105.44
104.96,105.92,103.9,105.02
104.45,105.06,100.62,104.38
102.64,103,99.01,102.7
100.31,101.6,98.47,101.16
101.86,101.87,96.71,101.19
97.4,99.6,96.22,97.18
98.1,101.99,96.6,97.98
102.8,104.54,101.01,101.42
103.02,104.27,102.6,101.85
102.74,105.18,102.1,103.09
104.85,106.34,104.38,104.97
105.52,106.69,104.76,105.75
105.46,105.95,104.5,105.6
105.43,105.76,103.6,105.4
103.94,105,102.7,103.98
104.45,105.15,103.44,104.79
104.31,106.83,104.12,104.27
106.62,108.23,106.3,106.72
108.29,108.78,107.58,107.94
108.2,108.6,107.5,108.47
107.99,109.15,107.72,108.34
108.67,110.44,108.23,108.83
110.32,113.18,110.11,110.3
113.28,113.46,108.88,112.79
108.97,110.24,105.47,109.92
106.02,107.43,105.31,106.25
107.32,108.55,105.77,107.11
109.09,110.67,107.77,108.11
110.05,110.06,107.1,110.22
108.06,109.1,106.01,107.69
108.45,111.66,107.96,108.28
111.37,112.48,111,111.45
112.34,113.48,111.08,112.29
112.15,112.64,111.12,112.28
111.89,113.4,110.71,112.21
113.13,113.97,111.69,112.76
112.82,114.18,112.25,112.86
113.89,114.83,110.82,113.93
112.98,113.22,110.3,113.52
110.68,111.22,108.48,111.05
108.78,109.38,98.25,109.24
99.76,102.38,94.63,99.8
98.11,103.4,97.42,97.18
102.44,103.95,100.12,102.55
103.69,104.6,97.5,103.88
98.59,100.49,95.25,98.21
98.81,100.7,97.09,98.97
99.36,99.65,96.89,99.65
96.98,97.81,95.02,97.37
98.18,101.42,97.97,96.91
100.23,101.24,98.63,100.56
99.06,100.42,96.35,98.93
99.68,100.04,96.37,100.1
97.54,100.09,96.61,97.7
99.27,101.63,98.2,99.59
101.24,101.9,99.61,101.32
100.16,101.24,100.04,100.23
100.69,103.39,99.6,100.59
102.68,103.31,99.86,102.7
99.79,100.9,98.46,100.29
100.87,100.87,98.12,100.4
100.42,100.68,98.55,100.22
98.82,99.7,97.74,99.01
99.58,101.89,98.02,99.09
100.83,102.44,100.74,100.74
101.84,102.15,98.6,101.93
98.77,99.32,96.13,99.29
97.09,99.44,96.51,97.3
99.68,99.95,94.01,99.37
95.29,95.75,94.29,94.81
95.5,95.81,92.23,94.95
93.17,93.87,91.51,93.4
93.76,95.1,92.88,93.63
93.76,95.7,93.24,94.17
94.4,94.47,89.69,95.41
92.29,92.34,89.82,91.02
91.16,91.3,89.61,91.16
90.71,92.96,90.44,90.61
93.37,95.84,92.66,92.89
95.08,95.82,93.88,94.77
95.12,95.39,93.45,95.42
94.98,97.48,94.34,94.94
97,97.79,95.9,96.89
97.04,99.42,96.99,96.65
98.79,99.18,95.6,98.67
96.1,96.75,94.14,96.2
95.09,97.5,93.55,95.15
96.72,99.21,96.53,97.43
97.59,98.88,94.53,98.05
96.03,97.74,95.21,95.69
97.83,98.05,95.05,97.24
96.45,98.98,96.25,96.25
98.48,99.37,96.93,97.86
98.36,100.16,97.2,98.4
99.2,100.19,98.43,99.13
99.76,99.87,98.52,99.87
99.15,100.62,97.76,99.2
99.18,99.5,97.14,99.59
97.27,98.01,96.51,97.4
97.16,97.39,94.95,97.44
96.2,98.6,93.42,95.7
95.02,95.68,93.08,94.89
93.15,93.75,91.22,93.79
91.94,92.59,86.04,91.93
86.5,88.32,82.87,86.63
85.71,85.73,80.17,86.88
81.1,83.05,75.71,81.31
81.9,83.14,79.53,79.3
81.95,85.97,81.03,82.89
85.55,87.37,84.02,85.72
85.59,88.05,84.4,85.38
87.68,87.93,85.62,87.88
87.1,89,86.65,86.65
87.55,87.71,81.27,87.58
81.45,83.78,79.38,82.51
82.27,84.8,81.18,82.41
84.45,86.39,83.4,84.42
85.67,86.59,84.55,85.44
85.17,86.56,83.01,85.16
85.09,85.64,82.95,85.3
85.33,87.62,85.11,85.37
87.51,89.21,86.46,87.27
88.79,89.54,87.67,88.9
88.73,89.9,88.21,88.81
88.78,88.99,85.42,88.93
86.46,86.6,83.2,86.45
86.5,90.48,86.15,86.02
90.11,90.23,88.59,89.34
88.77,89.5,85.64,89.05
86.7,88.95,85,87.24
88.95,90.52,87.81,88.19
89.88,90.25,88.21,90.21
88.6,90.15,88.01,88.91
89.39,89.93,87.22,89.4
87.8,87.8,84.9,88.18
86.01,87.68,85.25,85.81
86.51,87.99,84.92,86.92
84.81,85,79.66,85.92
80.4,81.81,77.55,80.51
79.64,81.36,77.11,79.85
81.48,84.77,80.92,80.24
83.76,84.62,80.54,84.45
80.67,83.98,79.64,81.21
83.07,83.23,78.6,82.14
78.92,79.64,76.65,79.2
76.4,77.99,74.95,77.61
78.25,79.82,76.94,75.67
79.71,82.9,79.08,79.68
82.57,84,81.36,82.59
82.75,86.09,82.75,82.98
85.7,86.64,83.97,85.41
85.2,86.59,84.52,85.81
84.93,85.39,83.17,85.57
84.47,87.4,83.77,84.23
87.48,88.18,85.88,86.8
86.3,89.23,85.75,86.38
88.53,89.69,86.03,88.53
86.2,87.12,84.22,86.29
86.5,88.89,85.95,86.07
87.05,91.88,87,87.4
91.69,94.65,91.1,91.27
92.59,93.92,90,93.17
90.98,94.25,90.74,90.2
93.93,93.93,92.01,93.96
93.53,93.8,91.36,93.32
92.58,92.88,89.17,93.19
91.6,93.79,90.97,92.19
92.99,94.61,90.87,92.51
94.24,94.93,92.87,94.07
94.26,96.11,93.23,94.26
95.87,97.08,95.23,95.52
96.81,97.84,94.54,96.8
95.75,98.35,95.2,95.74
97.51,99.2,97.35,97.78
99.3,99.69,97.19,98.99
98.04,99.84,97.51,98.14
99.44,102.91,98.43,99.37
101.74,103.37,98.34,102.6
98.65,100.3,96.7,98.93
97.54,97.86,95.24,97.67
97.2,98.7,96.55,96.92
97.79,97.87,95.35,98.01
95.79,97.55,94.99,96.17
97.5,100.74,97.13,96.77
97.75,100.15,97.23,98.21
99.48,101.75,98.92,99.79
100.51,101.17,98.87,100.36
100,101.56,99.76,100.2
101.23,102.44,100.24,100.96
100.45,101.42,100.2,100.99
101.11,101.94,99.67,101.28
100.84,101.73,97.71,100.49
98.08,99.91,97.36,98.34
99.58,99.68,97.54,99.41
97.85,101.25,97.64,97.77
100.33,100.33,94.21,100.14
94.89,95.99,93.31,94.95
93.63,94.97,92.7,93.87
93.77,94.63,92.77,93.75
94.27,97.63,94.24,94.05
97.53,99.25,96.8,97.24
99.03,100.05,98.51,98.67
99.48,100.23,99.24,99.53
99.92,101.77,99.37,99.68
101.25,101.71,99.11,101.34
99.59,99.92,98.3,99.36
99.78,100.16,98.61,99.65
99.7,103.18,99.65,98.83
102.99,103.74,101.88,102.96
103.29,103.73,101.3,103.22
101.35,102.8,100.88,101.81
101.92,102.15,100.1,101.56
101.3,103.41,101.3,101.31
102.2,102.46,100.55,102.24
101,102.98,98.5,100.87
99.2,100.19,97.7,99.1
98.95,101.01,98.6,98.7
101.16,102.24,100,100.71
101.35,102.24,100.12,100.76
100.48,100.91,98.02,100.54
98.34,100.24,97.4,98.33
99.88,100.18,98.25,99.58
99.2,100.4,97.53,98.95
99.96,101.39,99.23,99.4
99.93,100.63,99.13,99.7
100,100.05,98.43,99.56
98.88,101.29,97.86,98.78
98.38,99.49,97.11,98.48
97.11,97.99,95.44,97.61
96.61,98.03,96.01,96.36
97.74,97.75,96.38,97.84
97.13,99.13,95.84,96.91
98.77,100.09,98.1,98.41
99.1,100.18,98.66,98.71
99.89,99.89,97.32,99.84
99.33,101,99.09,98.67
100.73,101.84,100.28,100.91
100.9,102.54,100.61,100.74
102.27,103.01,101.18,101.8
102.64,104.5,102.55,102.64
104.75,106.48,104.61,103.6
106.01,106.72,105.61,106.25
105.95,108.74,105.45,106.28
108.66,109.95,107.95,107.83
109.67,109.77,107.27,109.77
107.95,108.79,106.3,108.56
106.46,107.43,104.84,106.55
106.82,110.55,106.55,107.07
108.75,109.03,105.8,108.84
106.75,107.42,105.5,106.7
107.11,107.34,104.51,106.72
104.93,106.55,104.35,104.7
106.24,107.2,105.84,106.16
106.91,108.2,106.13,106.58
107.5,107.56,105.38,107.4
106.55,107.35,105.67,106.34
106.69,107.02,105.12,106.71
105.5,106.18,103.78,105.43
105.9,107.85,105.65,105.11
107.78,108.7,107.04,107.58
108.36,108.37,105.7,108.56
106.33,107.64,106.06,106.07
106.81,107.12,104.5,107.27
105.52,108.25,105.16,105.35
106.79,107.32,106.19,106.87
107.09,107.73,106.52,107.03
106.81,106.94,104.67,107.33
105.58,105.7,102.13,105.41
103.29,104.15,102.78,102.78
103.27,105.49,102.06,103.02
105.04,105.18,103.59,105.23
104.09,104.12,101.08,104.01
101.96,103.4,101.37,101.47
102.53,102.6,100.81,103.31
102.33,102.96,100.68,102.46
100.94,103.13,100.84,101.02
102.55,104.24,102.39,102.7
103.66,103.9,102.61,103.64
102.8,103.37,101.8,102.83
103.15,105.07,102.66,102.93
104.69,104.94,102.63,104.2
103.21,103.66,102.13,103.12
103.06,104.68,102.86,102.72
103.82,103.9,101.82,103.88
103.11,104.1,102.79,103.11
103.76,104.57,103.11,103.55
103.96,104.92,103.84,104.12
104.1,105,103.74,104.55
104.93,105.16,103.88,104.93
104.89,106.43,104.39,104.87
105.98,106.05,104.91,106.16
105.39,105.42,102.36,105.22
102.59,102.72,97.51,102.54
98.05,98.24,95.34,98.49
97.96,98.12,95.52,97.94
97.38,97.39,95.17,97.01
96.45,97.69,96.08,96.81
96.53,97.2,95.56,97.08
95.79,95.83,93.65,96.13
93.91,95.48,93.02,94.78
93.16,94.16,91.81,93.98
92.77,93.88,92.09,92.81
93.24,93.24,91.25,92.56
91.71,93.34,91.12,91.8
92.87,93.3,91.2,92.86
91.54,91.72,89.28,91.85
90.53,91.52,89.81,89.9
90.79,91.32,90.2,90.66
91,92.21,90.25,90.86
90.86,90.92,87.27,90.76
87.55,88.28,85.86,87.82
86.44,86.59,82.29,86.53
82.96,84.38,81.21,83.23
84.14,84.92,83.31,83.98
84.12,86.27,84.03,84.29
85.5,87.03,83.43,85.02
83.63,84.67,82,84.82
85.72,86.64,81.11,84.1
81.18,83.72,81.07,82.7
83.51,84.01,82.15,83.32
82.44,84.42,82.27,82.62
84.33,84.8,83.42,83.91
85.5,85.89,82.36,84.03
83.44,84.75,82.6,83.6
84.36,84.72,80.86,84.35
81.08,81.2,77.93,81.45
78.11,80.37,77.56,78.2
80.2,80.68,78.03,79.76
79.23,79.68,78.36,79.21
79.47,80.92,78.68,79.36
80.48,80.84,77.28,80.21
78.46,85.34,78.28,77.69
84.65,85.05,82.1,84.96
83.67,88.04,83.33,83.75
87.75,88.98,86.5,87.66
86.73,87.13,84.02,87.22
84.2,86.48,84,84.45
85.84,85.95,83.65,85.99
84.01,86.49,84.01,83.91
86.2,86.37,84.21,85.81
85.86,87.61,85.58,86.08
87.13,88.48,86.41,87.1
88.26,89.46,87.41,88.43
89.49,90.36,88.91,89.22
90.35,93.25,90.16,90.17
92.59,92.63,90.92,92.97
91.61,91.64,87.91,91.83
88.05,89.09,87.43,88.14
88.2,89.36,86.84,88.5
89.1,90.47,88.07,88.97
89.43,90.45,89.13,89.39
90.14,90.95,89.33,90.13
89.67,90.3,87.31,89.78
88.03,89.47,87.51,88.06
88.87,89.63,86.92,88.91
87.26,91.74,87.23,87.13
91.34,92.33,90.63,91.4
92.05,94.42,91.78,92.2
93.41,94.72,92.82,93.67
93.43,94.21,93.07,93.35
93.46,93.87,91.71,93.36
93.25,94.14,92.05,92.87
92.71,93.92,92.56,92.73
93.25,94.9,92.68,93.43
94.21,95.75,93.93,94.33
95.55,96.58,95.26,95.6
96.64,96.83,95.32,96.32
96.2,97.85,96.06,96.26
96.94,97.54,96.26,96.84
97.3,98.29,95.75,97.26
96.06,97.17,95.41,96.27
96.67,97.72,94.41,96.15
95.66,96.54,95.14,95.47
96.08,96.37,94.76,96.33
95.3,95.6,93.95,95.49
94.75,96.92,94.51,94.62
96.38,97.37,94.97,96.47
95.61,96.03,94.26,95.3
96,97.71,94.59,95.36
94.7,96.74,94.08,95.53
96.24,96.63,95.34,96.42
96.29,97.31,96.08,96.54
96.85,98.06,96.31,97.17
96.93,98.58,96.51,97.01
98.04,100.42,97.99,98.31
99.15,99.52,94.65,99
96.98,97.55,95.42,96.62
95.83,96.5,91.55,95.62
92.07,93.09,90.96,92.3
92.93,93.84,92.59,92.42
93.18,93.18,91.06,92.89
92.11,93.2,90.57,91.93
90.82,91.34,88.95,91.37
90.08,92.39,89.88,89.98
92.35,92.71,91.4,91.85
92.15,93.33,91.26,92.19
92.41,92.94,91.62,92.48
91.64,91.82,87.7,91.89
88.01,91.84,87.91,88.14
91.51,91.71,89.01,91.71
89.85,89.89,88.21,89.88
89.62,92.91,89.29,89.33
92.26,93.66,91.02,92.39
91.27,92.94,91.09,91.25
92.41,92.64,91.16,92.07
91.63,92.2,89.79,91.86
91.76,92.32,91.3,91.85
92.08,92.85,91.55,92.09
92.48,92.99,91.12,92.12
92.48,93.49,90.19,92.53
90.05,91.27,88.57,90.44
89.14,89.29,85.69,88.65
86.6,87.47,84.94,86.67
85.65,86.75,85.23,85.73
86,86.37,85,86.05
86.43,86.43,84.66,86.28
85.31,86.24,85.1,85.54
85.73,87.19,85.61,85.68
86.1,87.42,85.92,86.24
86.91,87.24,84.66,87.09
84.65,85.9,84.34,84.86
85.67,89.22,85.42,85.65
88.42,88.8,84.05,88.71
84.52,85.7,84.22,84.44
85,86.77,84.13,85.09
86.19,86.54,85.27,86.07
85.59,85.95,84.57,85.57
85.81,87.06,85.39,85.38
86.77,87.25,85.1,86.75
85.8,87.39,85.41,85.87
87.3,89.8,87.11,86.92
89.15,89.19,86.17,89.28
87.28,87.89,86.37,86.75
87.68,88.53,86.71,87.38
88.21,88.29,87.27,88.28
87.82,88.25,86.83,87.74
87.33,87.34,85.36,87.18
86.57,88.69,86.55,86.49
87.66,88.99,87.47,88.07
88.85,90.33,88.66,88.91
88.93,89.18,87.57,89.09
88.5,89.05,87.46,88.5
87.87,88.23,85.68,87.88
86.39,86.92,85.77,86.26
85.98,86.78,85.33,85.93
85.7,86.37,85.21,85.56
85.69,87.68,85.68,85.79
86.77,86.97,85.81,86.77
86.13,86.92,86.05,85.89
87.26,88.19,87,86.73
87.94,88.63,87.68,87.67
88.39,90.33,88.26,88.4
89.69,90.54,89.26,89.98
90.02,90.07,87.96,90.13
88.6,88.86,88.2,88.66
88.62,91.3,88.59,88.61
91,91.44,90.05,90.98
91.15,91.49,90.32,90.87
90.41,91.99,90,90.8
91.78,93.87,91.56,91.82
92.91,93.3,92.49,93.12
92.86,93.21,91.52,92.92
93.21,93.35,92.42,93.09
93.32,93.8,92.67,93.19
93.15,93.65,92.68,93.15
93.19,94.7,93.08,93.1
93.87,94.13,92.65,93.82
93.74,94.29,92.95,93.56
94.2,94.44,93.22,94.14
93.4,94.36,93.1,93.28
94.63,96.5,94.26,94.24
95.65,96.13,95.36,95.94
95.71,96.89,95.47,96.04
96.76,96.92,94.95,96.68
95.5,96.68,95.12,95.23
95.95,96.56,95.43,95.95
96.04,96.81,95.47,95.88
96.46,97.82,96.29,96.44
97.32,98.24,97.32,97.57
97.96,98.04,96.84,97.94
97.42,98.15,96.51,97.49
97.72,97.76,95.89,97.77
96.13,97.07,95.91,96.17
96.64,96.99,95.04,96.64
96.86,97.21,95.54,96.62
95.92,96.57,95.27,95.83
95.79,97.09,94.97,95.72
96.96,97.79,96.68,97.03
97.59,98.11,96.63,97.51
97.17,97.71,96.77,97.01
97.88,98.06,95.77,97.31
96.39,97.18,95.74,96.41
97.1,97.49,94.21,97.1
94.72,94.92,92.63,95.22
92.96,93.48,92.44,92.84
93.23,94.46,92.07,93.13
91.92,93.44,91.92,93.11
92.72,93.37,92.18,92.63
92.89,93.18,91.57,92.76
91.76,91.97,90.04,92.05
90.71,90.91,89.33,90.68
90.23,90.99,90.02,90.12
90.83,91.17,89.55,90.82
90.42,91.73,90.22,90.43
91.42,92.03,90.83,91.56
91.83,92.15,90.89,91.95
91.94,93.47,91.6,92.06
92.62,93.4,91.91,92.54
92.51,93.25,92.01,92.52
93.15,93.84,93,93.03
93.62,94.32,92.14,93.45
94.22,94.47,92.36,94.11
92.42,93.6,92.42,92.52
93.4,93.53,91.84,93.5
92.33,93.94,92.33,92.45
93.72,95.65,93.7,93.71
94.75,96.45,94.67,94.81
96.18,96.84,95.58,96.34
96.68,97.35,96.26,96.58
97.36,97.8,95.92,97.23
97,97.44,95.91,97.07
96.93,96.96,94.18,97.19
94.5,94.84,92.12,94.45
93.36,93.57,91.91,93.26
93.02,93.75,92.46,92.7
93.49,94.48,92.86,93.36
93.96,94.82,93.4,94.2
94.56,94.64,93.06,94.64
93.49,93.52,90.27,93.51
90.95,90.98,87.2,91.29
87.42,88.96,86.06,88.71
88.8,89.09,86.06,88.72
86.6,88.78,85.9,86.68
88.64,89.06,87.82,88
88.2,89.48,87.69,88.27
89.28,89.6,87.8,89.19
89.6,91.72,89.21,89.18
91.58,93.87,91.11,91.43
93.24,93.58,92.06,93.64
92.7,94.69,92.43,93
94.42,94.62,92.86,94.5
93.08,93.26,90.11,93.46
91,94.25,90.65,91.03
93.99,96.04,93.56,93.99
95.58,97.17,94.85,95.61
95.79,96.26,94.92,96.16
95.56,96.77,95.24,95.62
96.6,96.77,95.35,96.62
96.16,96.24,93.37,96.39
95.76,95.81,94.47,96.04
94.93,95.66,93.85,95.17
94.13,94.44,92.13,94.21
94.34,95.57,93.23,94.3
95.46,96.74,95.06,95.16
96.25,97.35,95.47,96.29
96.89,97.22,95.72,96.93
95.9,96.19,94.01,96.18
94.18,94.46,92.21,94.28
94.37,94.39,93.04,94.25
93.89,95.92,93.23,94.15
95.05,95.22,92.83,95.01
92.89,93.99,91.65,93.13
93.64,93.85,91.56,93.61
91.73,93.7,91.26,91.97
93.35,94.41,92.38,93.45
93.86,94.48,93.41,93.31
93.7,95.32,93.69,93.74
94.72,96.39,93.72,94.76
96.09,96.25,95.19,96.03
95.76,95.91,94.04,95.77
94.89,96.45,94.46,95.38
95.77,96.92,95.02,95.88
96.64,98.25,96.42,96.69
97.85,98.74,97.38,97.85
98.16,98.88,97.65,97.77
98.83,99.21,97.78,98.67
98.2,98.22,94.63,98.48
94.96,95.84,93.12,95.14
93.85,95.59,92.67,93.69
95.02,96.17,94.59,95.18
95.17,95.7,93.68,95.32
95.52,97.41,95.35,95.5
96.81,97.82,96.33,97.05
96.58,98.28,96.07,96.56
98.06,99.87,97.78,97.99
99.61,102.18,99.59,99.6
101.09,103.68,100.71,101.24
103.95,104.12,102.13,103.22
103,104.76,102.31,103.14
104.57,106.66,104.21,103.53
106.15,107.45,104.31,106.52
104.58,106.33,104.36,104.91
106.05,106.63,104.65,105.95
106.44,107.18,105.66,106.32
105.78,106.6,105.11,106
106.35,108.19,105.93,106.48
107.86,108.93,106.91,107.81
108.07,108.6,106.48,107.87
107,107.55,105.46,106.94
107.36,107.52,104.79,107.23
105.37,105.87,104.08,105.39
105.56,105.63,103.9,105.49
104.61,105.37,103.87,104.7
104.52,104.54,102.67,104.55
103.15,105.43,102.93,103.08
105.26,108.06,105.1,105.03
107.8,108.82,106.45,107.89
106.84,107.69,105.7,106.94
106.48,107.27,104.86,106.56
105.68,105.77,104.1,105.3
104.18,104.96,102.22,104.37
103.87,106.24,103.62,103.4
105.84,106.46,105.03,105.97
106.15,107.2,105.56,106.11
106.54,107.06,105.6,106.83
106.98,107.87,106.6,106.85
107.01,107.95,106.4,107.33
107.57,107.6,106.29,107.29
106.72,106.97,104.63,106.86
105.18,105.35,103.5,105.11
103.88,105.25,103.53,103.85
105.22,106.94,104.3,105.03
106.91,107.37,105.56,106.42
106.14,109.32,105.88,105.92
109.22,112.24,109.11,109.01
109.53,110.07,107.72,110.1
108.17,108.75,106.75,108.8
107.07,108.83,104.21,107.65
108.44,108.61,106.77,108.54
107.59,108.54,107.13,107.23
108.52,110.7,108.12,108.37
110.28,110.46,108.76,110.53
108.92,108.95,106.39,109.52
107.36,108.09,106.53,107.39
107.77,109.16,107.3,107.56
108.64,108.74,107.23,108.6
107.5,108,106.06,108.21
106.22,106.43,104.94,106.59
104.77,107.7,104.54,105.42
107.44,108.15,105.56,107.28
105.78,106.11,104.5,105.86
104.89,105.12,103.12,104.75
103.44,103.64,102.3,103.59
103.41,103.96,102.2,103.13
102.3,103.29,102.2,102.66
102.91,103.77,102.36,103.03
102.46,102.76,101.05,102.87
102.31,102.58,101.06,102.33
101.62,104.23,101.43,102.04
103.82,104.38,102.87,104.1
102.92,104.19,102.9,103.31
103.45,103.74,101.86,103.84
103.16,104.08,102.85,103.03
103.49,103.75,101.18,103.49
101.46,103.57,101.16,101.61
102.94,102.95,100.6,103.01
101.37,102.62,101.06,102.02
102.19,102.46,100.87,102.41
100.88,102.97,100.75,101.21
102.13,102.32,100.03,102.29
101,101.98,100.74,100.67
101.04,101.23,99.41,101.11
99.47,100.3,98.11,99.68
98.12,98.29,96.16,98.3
97.1,97.69,95.95,96.86
97.19,98.06,96.99,97.11
97.88,98.82,97.37,97.85
98.54,98.57,97.69,98.68
97.77,97.82,96.55,98.2
96.62,97.03,96.03,96.77
96.32,96.65,94.36,96.38
94.52,95.11,94.06,94.61
94.47,94.9,93.07,94.62
93.74,95.4,93.65,93.37
94.91,95.31,93.8,94.8
94.36,94.92,93.9,94.2
94.45,95.38,94.11,94.6
95,95.22,92.86,95.14
93.07,94.54,92.93,93.04
93.5,94.43,92.51,93.88
93.89,94.55,93.58,93.76
94.43,94.94,93.38,93.84
93.64,94.13,93.22,93.68
93.89,94.48,93.25,93.89
93.73,95.63,93.47,93.85
95.29,95.57,94.05,95.44
94.15,94.5,93.08,94.84
94.21,94.69,93.43,94.09
93.5,93.6,91.77,93.68
92.33,93.9,92.06,92.3
92.71,94.08,92.56,92.72
93.86,96.96,93.67,93.82
96.9,97.58,96.3,96.04
97.33,97.99,97.01,97.2
97.38,98.07,97.08,97.38
97.66,97.97,97.1,97.65
97.25,98.74,97.24,97.34
98.65,98.75,97.2,98.51
97.55,98.18,97.31,97.44
97.58,97.62,96.26,97.5
96.55,97.69,96.21,96.6
97.54,98.15,97.26,97.48
97.54,98.3,97.27,97.47
97.93,99.49,97.76,98.06
98.7,99.4,98.54,99.04
99.2,99.31,98.64,99.32
98.62,99.3,98.53,98.91
99.2,99.7,99.05,99.22
99.63,100.75,99.37,99.55
100.15,100.42,99.13,100.32
99.25,99.39,98.15,99.29
98.5,98.97,95.34,98.42
95.47,95.74,93.86,95.44
94.18,94.59,93.2,93.96
93.6,94.22,93.35,93.43
93.96,94.18,92.26,93.67
92.58,92.93,91.24,92.33
92.3,93.38,91.99,91.66
92.83,92.88,91.43,92.72
91.51,92.88,91.5,91.8
92.65,94.64,92.43,92.59
94.42,94.78,93.73,94.17
94.29,95.07,94.06,94.1
94.25,95.46,93.65,94.59
95.2,96.89,95.12,94.97
96.69,97.84,96.41,96.73
97.37,97.8,96.25,97.32
96.9,97.18,95.21,96.64
95.66,97.66,95.63,95.72
97.17,97.75,96.32,97.41
97.42,98.59,97.33,97.36
97.97,98.39,97.1,98.23
97.4,97.94,96.26,97.49
96.53,97.82,96.37,96.43
97.67,98.26,96.8,97.19
97.25,98.83,97.25,97.38
97.97,100.24,97.11,97.84
100.05,100.55,99.11,99.88
99.97,100.6,99.6,100.06
100.46,101.38,100.04,99.94
100.27,100.66,99.4,100.37
100.34,100.47,99.43,100.35
100.12,102.66,100.05,100.3
102.57,103.29,101.96,102.1
102.89,103.04,102.28,102.84
102.87,102.92,101.69,102.75
102.29,103.45,101.97,102.2
102.8,102.84,101.02,102.82
102.04,102.9,101.58,101.83
102.57,103.08,101.75,102.59
102.15,102.96,101.8,102.4
103,105.22,102.95,102.59
104.89,104.96,102.85,104.92
103.35,103.53,100.85,103.33
101.04,102.08,100.13,101.45
101.97,102.91,101.57,101.56
102.75,102.82,100.85,102.58
100.94,101.52,99.32,101.12
99.48,99.6,97.55,100.03
98.1,98.6,97.67,97.99
98.25,99.28,98.06,98.2
99.39,99.39,97.37,98.89
97.46,98.98,97.28,98.08
98.6,99.26,98.33,98.88
99.13,99.45,98.09,99.17
98.59,100.25,98.25,98.9
99.49,100.29,99.05,99.46
99.43,100.25,98.8,99.6
99.18,100.46,99.1,99.19
100.3,101.7,100.03,100.26
101.34,102.24,101.18,101.28
101.69,101.97,100.88,101.67
101.53,101.57,99.28,101.58
99.64,99.83,98.86,99.74
99.29,100.49,99.07,99.62
100.38,101.63,100.28,100.29
100.91,101.32,99.92,101.14
100.69,102.71,100.68,100.44
102.35,103.77,102.03,102.56
103.44,103.81,103.1,103.6
103.34,104.44,103.01,103.4
103.56,104.55,103.34,103.74
103.6,104.05,102.91,104.05
103.76,104.99,103.12,103.75
103.05,103.92,102.75,103.76
103.7,103.83,102.96,103.37
103.6,103.65,101.51,103.65
101.86,102.08,101.2,101.75
101.54,102.35,101.4,101.44
101.93,102.05,100.48,101.94
100.49,101.52,100.33,100.6
100.89,102.2,100.71,100.84
100.76,100.76,99.35,101.28
99.72,99.89,98.74,99.74
99.17,100.14,99.17,99.42
99.96,100.44,98.91,99.76
99.38,100.42,99.32,99.48
99.83,100.99,99.78,99.5
100.82,100.93,99.87,100.77
100.27,101.18,99.71,100.26
100.12,100.93,99.93,99.99
100.63,102.05,100.36,100.59
101.91,102.65,101.83,101.7
102.03,102.26,101.27,102.37
101.15,101.77,100.97,101.5
101.68,102.49,101.52,101.58
102.11,103.01,101.69,102.11
102.96,104.29,102.78,102.33
103.85,104.22,103.55,104.07
103.71,104.5,103.64,103.74
104.34,104.5,103.57,104.35
104.14,104.39,102.64,104.11
103.06,103.94,102.61,102.72
103.51,103.56,102.4,103.58
102.92,103.35,102.1,102.71
102.44,102.86,102.23,102.47
102.79,103.69,102.34,102.66
102.37,102.69,101.6,102.64
102.44,103.07,102.3,102.48
102.78,104.57,102.62,102.66
104.46,105.06,103.98,104.41
104.3,104.81,104.17,104.35
104.47,106.95,104.35,104.4
106.84,107.68,106.37,106.53
106.88,107.54,106.57,106.91
106.59,107.18,106.01,106.9
106.06,106.47,105.36,106.36
105.7,106.39,105.11,105.59
106.1,106.93,105.81,106.05
107.42,107.45,105.91,106.83
106.02,106.46,105.25,106.17
106.14,107.5,105.47,106.03
106.71,106.81,105.03,106.5
105.64,106.19,105.33,105.84
105.69,105.76,104.66,105.74
105.44,106.09,104.6,105.37
105.21,105.53,104.1,105.34
104.27,104.29,103.67,104.48
104.06,104.13,103.19,104.06
103.39,104.2,103.01,103.53
103.45,103.6,101.85,103.4
101.95,103,101.55,102.29
102.86,102.92,100.44,102.93
100.46,101.2,100.22,100.83
100.93,101.06,99.01,100.91
100.21,101.6,100.07,99.96
101.49,103.9,101.27,101.2
102.77,102.98,101.65,103.19
101.86,102.97,101.48,101.95
102.77,103.45,101.9,102.86
101.96,103.34,101.79,102.39
103.2,103.31,101.88,103.12
102.04,102.53,101,102.07
101.87,102.1,100.9,102.09
101.6,101.83,100.37,101.67
101.03,101.67,99.42,100.97
99.47,99.85,97.6,100.27
97.7,98.1,97.09,98.17
97.67,98.67,97.43,97.88
98.41,98.67,97,98.29
97.62,98.13,96.69,97.38
96.89,97.72,96.55,96.92
97.64,98.45,97.15,97.34
97.54,98.58,97.37,97.65
97.84,97.94,96.81,98.08
97.2,97.78,96.75,97.37
97.3,97.59,95.26,97.59
95.5,97.41,95.32,95.58
95.14,95.14,93.42,97.35
93.85,94.37,92.62,93.75
92.8,93.58,92.73,92.86
93.49,94.45,92.5,93.45
93.89,94.04,92.92,93.96
93.34,93.95,93.05,93.65
93.36,94.35,93.35,93.35
93.88,94.24,93.36,93.86
93.75,94.71,93.45,93.88
94.56,96,94.48,94.55
95.81,95.91,92.68,95.96
93.28,95.83,93.06,92.88
95.07,95.39,94.16,95.54
94.57,94.99,92.86,94.45
93.49,93.62,91.8,93.29
93.11,93.94,92.52,92.66
92.79,93.03,91.22,92.75
91.71,93.44,90.43,91.67
93.05,93.67,91.96,92.83
92.13,93.03,90.63,92.27
92.81,95.19,92.46,92.92
94.71,95.06,93.74,94.88
92.82,93.6,91.81,94.42
91.96,92.24,91.15,91.98
91.69,91.92,90.41,91.65
90.7,92.09,90.58,90.87
91.72,93.29,91.12,91.56
92.89,93.54,92.05,92.8
92.47,93.86,92.23,92.53
93.35,94.64,92.74,93.54
94.34,94.9,90.86,94.57
91.36,92.96,90.47,91.16
90.74,91.54,88.18,90.73
91.38,91.79,89.36,91.01
89.77,90.74,88.76,89.74
90.45,90.57,88.38,90.34
88.43,88.63,86.83,88.85
87.73,87.95,84.06,87.31
84.39,86.29,83.59,85.77
85.2,85.87,84.07,85.82
84.98,85.6,81.32,85.74
82.32,82.45,80.01,81.84
81.06,84.83,79.78,81.78
82.4,83.74,81.75,82.7
82.39,82.73,80.78,82.06
81.86,83.26,81.57,81.91
82.55,83.15,80.22,82.49
80.42,82.37,80.05,80.52
81.95,81.95,80.36,82.09
81.27,81.29,79.44,81.01
80.64,81.66,80.36,81
81.55,82.88,81.44,81.42
81.93,82.09,80.72,82.2
81.04,81.27,79.55,81.12
80.59,80.98,78.08,80.54
78.22,78.41,75.84,78.78
77.36,79.35,76.46,77.19
78.87,78.98,77.12,78.68
77.86,79.41,77.47,77.91
78.5,79.85,77.13,78.65
77.18,78.04,76.42,77.4
77.5,78.08,76.63,77.94
76.95,77.16,74.07,77.18
74.36,76.3,73.25,74.21
75.93,76.18,74.71,75.82
75.54,76.48,74.17,75.64
74.26,75.42,73.92,74.64
74.34,76.37,74.2,74.5
76.29,77.83,75.62,75.85
76.62,77.02,75.45,76.51
75.51,76.58,73.71,75.78
73.87,74.48,73.3,74.09
73.5,73.56,65.69,73.69
66,69.54,63.72,66.15
69.24,69.32,66.67,69
67.6,68.23,66.8,66.88
67.4,68.22,66.09,67.38
66.8,66.89,65.17,66.81
65.46,65.55,62.78,65.84
63.01,64.2,62.25,63.05
63.33,63.43,60.43,63.82
61.12,61.68,58.96,60.94
59.17,59.57,57.34,59.95
57.07,58.73,55.02,57.81
55.4,57.15,53.6,55.91
55.85,59.27,54.6,55.93
56.17,59.04,54.28,56.79
55.12,58.42,54.42,54.36
57.75,58.53,55.13,57.13
55.39,57.56,55.06,55.26
56.8,57.15,55.07,57.12
55.86,56.59,54.51,55.84
55.05,55.74,52.9,54.73
53.72,54.32,52.7,53.61
53.87,54.02,52.44,54.12
53.76,55.11,52.03,53.27
52.61,52.73,49.68,52.69
50,50.37,47.55,50.04
48,49.31,46.83,47.93
48.78,49.65,47.73,48.65
48.92,49.61,47.16,48.79
48.19,48.19,45.62,48.36
45.69,46.79,44.2,46.07
46.16,48.91,45.01,45.89
48.97,51.73,46.53,48.48
46.73,49.34,46.4,46.73
49.2,49.2,46.34,49.13
46.69,48.2,46.55,46.47
47.35,49.09,45.87,47.78
46.63,47.76,45.21,46.31
45.2,46.41,44.35,45.59
45.13,46.55,44.81,45.15
45.83,45.83,44.08,46.23
44.43,44.96,43.58,44.45
44.63,48.35,44.31,44.53
47.59,50.56,46.67,48.24
49.79,54.24,49.69,49.57
51.67,52.56,47.95,53.05
48.67,52.1,47.36,48.45
50.86,53.16,50.72,50.48
52.01,53.99,51.65,51.69
52.43,52.65,49.86,52.86
50.98,51.14,48.05,50.02
49.42,51.6,49.14,48.84
51.35,53.43,51.03,51.21
52.75,54.15,50.81,52.78
54.05,54.22,51,53.53
51.25,52.72,49.82,52.82
52.14,52.49,50.71,51.83
50.75,50.99,48.67,50.81
49.42,50.33,48.68,49.45
49.16,51.28,48.43,49.28
51,51.22,47.8,50.99
48.97,49.94,48.46,48.17
49.45,51.04,48.71,49.76
49.8,50.83,49.45,49.59
50.61,51.99,49.6,50.52
51.62,52.4,50.61,51.53
50.89,51.22,48.88,50.76
49.6,50.79,49.25,49.61
50.08,50.36,48.2,50
48.77,49.05,47.33,48.29
48.44,48.76,46.86,48.17
46.93,47.28,44.75,47.05
44.81,45,42.85,44.84
43.84,44.2,42.41,43.88
44.5,47.48,44.03,43.46
46.61,46.81,44.77,46.65
45.66,47.43,44.82,45.53
46.41,47.61,45.33,46.57
47.46,48.56,46.67,47.45
47.72,49.46,47,47.51
49.02,52.48,48.73,49.21
51.01,51.38,48.21,51.43
48.57,49.16,47.61,48.87
48.73,48.73,47.28,48.68
47.55,50.45,47.05,47.6
49.59,50.27,48.11,50.09
49.47,52.24,49.47,49.14
51.95,54.13,51.17,52.14
53.18,53.23,50.37,53.98
51,52.07,50.51,50.42
50.73,51.93,50.08,50.79
51.81,53.1,51.47,51.64
52.05,53.79,51.83,51.91
53.55,56.69,53.39,53.29
55.92,57.42,55.07,56.39
57.97,58.34,56.85,56.71
57.75,58.63,56.4,57.32
57.94,58.05,56.11,57.88
56.34,57.19,55.73,56.61
56.28,58.41,55.76,56.16
57.53,57.95,56.5,57.74
57.3,57.89,56.52,57.15
56.65,57.83,56.07,56.99
56.93,59.33,56.54,57.06
58.55,59.85,58.38,58.58
59.79,59.9,58.32,59.63
59.3,59.73,58.45,59.15
58.95,61.1,58.63,58.93
60.72,62.58,60.54,60.4
60.69,61.31,58.49,60.93
59.02,59.9,58.14,58.94
59.43,59.85,58.75,59.39
59.27,61.36,59.12,59.25
61.23,61.85,60.02,60.75
60.1,60.84,59.36,60.5
60.69,60.82,59.32,59.88
60.62,61.71,59.85,60.54
60.32,60.42,57.93,60.24
58.32,59.04,58.1,57.99
58.81,60.94,58.69,58.98
60.66,60.8,59.35,60.72
60.05,60.25,57.71,59.72
58.32,58.95,57.36,58.03
57.63,58.07,56.51,57.51
57.97,60.7,57.72,57.68
60.29,60.64,59.33,60.3
60.18,61.58,60.09,60.2
61.02,61.43,59.34,61.26
59.57,59.94,57.83,59.64
57.99,59.23,56.83,58
58.96,59.13,57.86,59.13
58.31,60.68,58.23,58.14
60.58,61.82,60.45,60.14
61.14,61.53,60.21,61.43
60.55,60.63,59.73,60.77
59.9,59.98,58.73,59.96
59.6,60.37,59.42,59.52
60.03,61.38,58.85,59.97
60.1,61.33,59.67,59.92
60.88,60.93,59.24,60.82
59.75,60.63,59.27,59.97
60.21,61.49,59.55,60.38
61.14,61.57,59.8,61.01
60.22,60.46,59.43,60.27
59.66,59.96,58.76,59.7
58.84,59.27,58.04,59.63
58.27,59.69,57.94,58.33
58.98,58.98,56.68,59.47
56.87,57.95,56.5,56.96
54.9,55.34,52.41,56.93
52.75,53.43,50.58,52.53
52.91,52.96,50.91,52.33
51.83,53.54,51.48,51.65
52.48,53.89,51.96,52.78
52.15,53.17,51.26,52.74
52,53.43,50.88,52.2
53.4,53.5,51.21,53.04
51.62,52.17,50.84,51.41
51.22,51.55,50.5,50.91
51.11,51.58,50.15,51.21
50.25,51.41,50.08,50.44
50.71,50.71,49.04,50.86
49.23,49.63,48.21,49.19
48.79,49.03,47.72,48.45
48,48.2,46.91,48.14
47.02,48.44,46.68,47.39
47.81,49.52,47.39,47.98
48.83,49.36,48.34,48.79
48.47,48.62,46.7,48.52
46.86,46.94,45.08,47.12
45.35,46.23,45.29,45.17
45.96,46.7,44.83,45.74
45.16,45.27,44.2,45.15
44.82,45.16,43.7,44.66
43.58,45.01,43.35,43.87
44.81,45.34,42.69,44.96
43.27,43.87,42.8,43.08
43.34,43.72,41.91,43.3
42.23,42.96,41.35,42.23
42.18,42.69,41.64,42.5
42.4,43.38,41.94,41.87
42.87,43.18,40.81,43.12
40.98,41.81,40.5,41.27
41.03,41.4,39.86,41.32
40.3,40.47,37.75,40.45
38.18,39.89,38.16,38.24
39.69,39.86,38.52,39.31
38.96,42.86,38.95,38.6
42.68,45.9,41.78,42.56
45,49.33,43.6,45.22
48.1,48.87,44.15,49.2
44.26,46.77,43.21,45.41
46.11,48.42,45.65,46.25
46.68,47.23,45.61,46.75
45.82,46.41,44.14,46.05
45.79,46.26,44.05,45.94
44.16,46.04,43.36,44.15
45.71,45.88,44.16,45.92
44.78,44.97,43.59,44.63
44.11,45.25,43.92,44
45.16,47.35,44.82,44.59
47.13,47.71,46.33,47.15
47.17,47.34,44.59,46.9
45.31,47.02,45.03,45.02
46.69,46.74,45.37,46.96
46.54,47.15,44.41,46.36
44.62,45.18,43.71,44.48
45.05,46.38,44.86,44.91
45.38,45.5,44.3,45.7
44.5,45.7,44.3,44.43
44.92,45.85,44.68,45.23
45.38,47.1,44.63,45.09
45.07,45.81,43.97,44.74
45.65,46.94,45.21,45.54
46.2,49.08,45.73,46.26
49,49.71,47.7,48.53
48.11,50.07,47.76,47.81
49.69,50.92,49.17,49.43
49.51,50.13,47.04,49.63
47.46,48.43,46.44,47.1
46.69,46.96,45.94,46.66
46.28,47.02,45.23,46.64
47.39,47.97,46.64,46.38
47.72,47.91,46.22,47.72
46.57,46.93,45.72,46.28
45.88,46.08,44.86,46.29
45.27,46.1,44.9,45.2
45.44,45.75,44.2,45.38
44.74,44.94,43.64,44.6
43.78,43.91,42.58,43.98
43.44,46.22,43.06,43.2
46.06,46.79,45.16,45.94
45.74,47.03,45.48,46.06
46.43,46.73,45.56,46.59
46.11,48.36,45.96,46.14
47.74,48.28,46.17,47.9
46.57,46.65,45.12,46.32
45.41,45.64,44.11,45.2
44.52,45.12,43.64,44.29
44.1,44.76,43.57,43.87
43.63,44.11,42.62,44.21
43.05,43.33,41.54,42.93
41.61,42.84,40.22,41.75
40.92,42.25,40.06,40.74
41.96,42.03,40.58,41.74
42.18,42.65,41.28,40.67
42.05,42.37,41.25,41.95
41.89,42.76,41.37,41.72
41.49,42.75,40.41,41.9
42.04,43.46,41.86,41.75
42.69,43.25,41.72,42.87
43.25,43.3,41.67,43.04
41.77,42.61,41.5,41.71
41.73,42.23,41.17,41.65
41.69,41.97,39.84,41.85
40.15,41.78,40.07,39.94
41.31,42,39.6,41.08
40.1,40.15,37.5,39.97
37.68,38.58,36.64,37.65
37.86,38.99,36.87,37.51
37.27,37.54,36.38,37.16
36.63,36.84,35.16,36.76
35.4,36.7,34.53,35.62
36.32,37.88,36.03,36.31
36.79,37.35,35.29,37.35
37.05,37.08,35.96,35.52
36.15,36.94,35.68,36.27
35.9,36.1,35.35,36.06
35.8,36.54,35.66,35.81
36.47,37.95,36.28,36.14
37.86,38.28,37.38,37.5
38,38.09,36.6,38.1
36.7,37.94,36.66,36.81
37.36,37.4,36.4,37.87
36.81,37.79,36.22,36.6
37.6,38.39,36.33,37.04
36.9,37.1,35.74,36.76
36.18,36.39,33.77,35.97
34.09,34.26,32.1,33.97
33.3,34.34,32.64,33.27
32.94,33.2,30.88,33.16
31.11,32.21,29.93,31.41
30.54,31.71,30.1,30.44
30.6,31.77,30.28,30.48
32.11,32.13,30.06,31.2
30.17,31.36,29.35,30.39
29.47,29.75,27.56,29.57
28.35,30.25,27.87,28.35
29.84,32.35,29.53,29.53
32.05,32.74,29.68,32.19
29.81,32.41,29.25,30.34
30.55,32.84,30.14,31.45
32.19,34.82,31.74,32.3
33.7,34.4,32.65,33.22
33.83,34.18,31.29,33.62
31.37,31.53,29.57,31.62
29.75,32.75,29.4,29.88
32.71,33.6,31.53,32.28
31.64,32.45,30.63,31.72
30.97,31.38,29.57,30.89
30.17,30.61,27.74,29.69
28.36,29.22,27.24,27.94
27.34,27.48,26.05,27.45
27.3,29.66,26.95,26.21
29.08,31.53,28.7,29.44
29.14,31.49,28.73,29.04
33.55,34.21,32.45,30.66
32.7,32.99,31.34,32.93
31.96,33.84,31.61,31.75
33.34,33.53,31.22,33.39
31.28,32.4,30.56,31.87
32.19,33.49,31.07,32.15
33.04,34.69,32.64,33.07
32.72,33.98,32.32,32.78
33.9,34.76,33.37,33.75
33.89,35.17,33.55,34.4
34.73,35.32,34.19,34.66
34.66,36.34,34.4,34.57
36.2,38.11,36.09,35.92
37.94,38.39,36.12,37.9
36.36,38.51,36.24,36.5
38.17,38.48,37.21,38.29
37.99,39.02,37.92,37.84
38.17,38.77,36.68,38.5
37.37,37.4,35.96,37.18
36.74,38.63,36.61,36.34
40.06,41.71,40,38.46
41.63,42.49,41.02,41.66
41.07,41.8,40.41,41.14
41.59,41.9,40.77,41.52
41.19,41.34,39.67,41.45
39.73,39.77,38.33,39.79
39.55,40.14,38.86,39.46
39.32,39.48,37.91,39.39
38.52,39.85,38.14,38.28
38.3,39.04,37.57,38.32
38.14,38.56,36.63,38.34
36.61,37.21,35.46,36.79
35.5,36.58,35.24,35.7
36.52,37.9,36.43,35.89
37.76,38.3,36.69,37.75
37.52,39.84,37.45,37.26
39.72,40.75,39.25,39.72
40.35,42.25,40.09,40.36
41.63,42.42,41.24,42.17
41.54,42.16,40.84,41.76
41.43,41.73,39.98,41.5
39.9,41.66,39,40.36
41.44,42.88,40.88,41.19
42.29,44.26,41.3,42.47
43.97,44.49,43.05,44.18
43.42,44.45,43.11,43.18
43.75,44.04,42.58,43.73
42.96,44.83,42.5,42.64
44.64,45.62,43.77,44.04
45.3,46.14,44.94,45.33
45.9,46.78,45.24,46.03
45.9,46.15,44.54,45.92
44.92,45.35,43.32,44.78
43.85,44.88,43.22,43.65
44.04,46.07,43.96,43.78
44.52,45.34,43.54,44.32
45,45.94,43.24,44.66
43.25,44.79,43.03,43.44
44.6,46.36,43.96,44.66
46,47.02,45.61,46.23
46.41,46.49,45.75,46.7
46.28,47.98,46.15,46.21
47.9,48.76,47.53,47.72
49.19,49.56,48.31,48.31
48.45,48.78,47.26,48.78
48.72,49.29,47.95,48.67
48.46,48.5,47.4,48.41
48.08,49.27,47.64,48.08
49.09,49.75,48.65,48.62
49.7,50.21,49.22,49.56
49.31,49.6,48.69,49.48
49.54,50.1,48.81,49.33
48.82,49.25,47.75,49.1
48.9,49.47,47.97,49.01
49.04,49.41,48.33,49.17
48.88,49.9,48.71,48.62
49.71,50.53,49.44,49.69
50.41,51.62,50.32,50.36
51.45,51.67,50.23,51.23
50.47,50.73,48.8,50.56
48.85,49.28,48.16,49.07
48.52,48.69,47.84,48.88
47.9,48.72,47.28,48.49
47.45,47.75,45.91,48.01
46.55,48.9,46.4,46.21
49.09,50,48.72,48.56
49.8,50.4,48.85,49.96
50.22,50.54,48.4,49.85
49.08,50.23,49.08,49.13
50.3,50.45,46.7,50.11
47.81,47.96,45.83,47.64
46.59,48.18,46.54,46.33
48.06,50,47.98,47.85
49.55,49.62,48.17,49.88
48.38,49.3,47.9,48.33
49.11,49.35,46.33,48.99
46.83,47.95,45.92,46.6
47.88,48.25,44.87,47.43
45.19,45.97,44.77,45.14
45.07,45.77,44.42,45.41
44.58,46.93,44.51,44.76
46.58,46.71,44.56,46.8
45.14,45.8,44.95,44.75
45.52,46.33,45.05,45.68
46.83,46.84,45.54,45.95
45.93,46.38,45.28,45.94
45.42,46.13,44.55,45.45
45.65,46.09,44.52,45.75
44.6,44.97,43.74,44.75
44.2,44.37,42.97,44.19
43.07,43.39,42.36,43.13
42.66,43.2,41.68,42.92
41.93,42.22,41.04,41.92
41.12,41.67,40.57,41.14
41.35,41.88,39.82,41.6
40.08,40.91,39.26,40.06
39.7,41.2,39.19,39.51
41.16,42.08,40.43,40.83
41.84,42.1,41.06,41.93
41.99,43.39,41.81,41.8
42.83,43.52,42.47,43.02
42.74,43.39,41.42,42.77
41.48,43.86,41.1,41.71
43.46,44.78,43.31,43.49
44.74,45.93,44.38,44.49
45.59,46.73,45.34,45.74
46.37,46.95,45.84,46.58
47.58,49.05,47.28,46.79
48.95,49.36,48.55,48.89
49.02,49.08,47.33,49.11
47.39,48.32,46.59,47.41
47.59,47.74,46.45,48.1
46.8,47.46,46.42,46.77
47.37,48.46,46.94,47.33
47.22,47.28,46.62,47.64
46.98,47.49,46.21,46.98
46.24,46.41,44.51,46.35
44.85,45.08,43,44.7
43.55,44.67,43.16,43.16
44.15,46.53,43.84,44.44
44.85,46.17,44.55,44.83
46.12,47.75,45.77,45.5
47.36,47.36,45.56,47.62
45.57,46.51,44.72,45.88
46.06,46.13,44.77,46.29
45,45.33,43.42,44.9
43.7,44.34,43.26,43.58
44.32,44.35,43.35,43.91
43.7,44.7,43.66,43.62
43.74,44.59,43.06,43.86
44.5,45.65,44.5,44.05
45.62,46.52,45.52,45.34
46.07,46.55,44.22,46.32
44.62,46.2,44.43,44.48
45.62,45.96,44.19,45.93
44.96,47.45,44.35,44.67
47.2,48.32,46.6,47.05
47.76,48.3,47.04,47.83
48.04,49.02,47.78,48.24
48.65,49.26,48.26,48.81
49.26,49.97,49.1,48.69
49.65,50.63,49.33,49.83
50.59,50.74,49.4,50.44
49.57,51.6,49.15,49.81
51.1,51.54,50.39,51.35
50.84,51.17,49.89,50.79
50,50.59,49.36,50.18
50.58,51.14,49.9,50.44
50.23,50.58,49.47,50.35
50.45,51.1,50.13,49.94
51.09,52.22,51.01,50.62
51.58,51.83,50.44,51.82
50.66,51.02,50.21,50.63
50.85,50.98,49.62,50.85
50.49,50.93,49.27,50.52
49.31,50.1,48.87,49.96
49.22,50.06,49,49.18
49.61,49.81,48.42,49.72
48.25,48.74,46.63,48.7
46.77,47.35,46.2,46.86
46.32,46.47,44.96,46.67
45.48,45.9,44.37,45.34
44.63,44.87,43.57,44.66
44.45,45.01,44.11,44.07
44.97,45.39,44.41,44.89
44.82,45.95,43.07,44.98
45.31,45.64,44.25,45.27
44.35,44.63,43.03,44.66
43.2,43.81,42.2,43.41
43.76,46.09,43.55,43.32
45.77,46.41,45.03,45.81
45.87,47.12,45.47,45.57
45.51,46.45,45.18,45.98
46.6,48.51,46.46,46.36
48.37,49.2,47.17,48.24
47.94,48.43,47.4,48.03
47.97,48.26,45.88,47.96
45.43,47.65,45.14,46.06
46.88,46.98,44.82,47.08
45.24,49.9,45.22,45.23
49.07,51.8,48.98,49.44
51.01,51.73,50.18,51.06
51.46,52.42,50.93,51.68
50.97,51.6,50.28,51.79
50.93,51.2,49.72,50.93
49.88,50.98,49.61,49.77
50.92,51.66,50.86,50.84
52.58,54.51,52.18,51.5
52.51,53.41,52.35,52.83
52.45,52.78,50.67,52.98
50.79,51.48,49.95,51.04
52.19,53.15,51.57,50.9
53.25,53.59,52.57,52.95
53.14,53.77,52.84,53.06
53.56,53.79,52.32,53.3
52.52,53.19,52.08,52.49
52.68,53.28,52.26,52.95
53.29,54.1,53.03,53.02
53.93,54.37,53.56,53.9
53.66,54.21,53.46,54.06
53.87,54.09,53.41,53.77
54.2,55.24,52.11,53.72
52.49,53.43,52.15,52.33
53.39,54.12,52.79,53.26
53.73,54.32,53.32,53.76
53.75,53.83,51.76,53.99
51.83,52.37,50.71,51.96
50.81,52.78,50.75,50.82
52.37,53.5,52.12,52.25
53.05,53.17,52.27,53.01
52.55,53.52,52.12,52.37
53.33,53.61,51.72,52.48
52.19,52.67,51.81,51.89
52.2,53.67,52.13,52.12
53.33,53.47,52.21,53.22
52.86,53.56,52.67,52.75
52.95,53.47,52.56,53.18
52.96,54.06,52.79,52.75
53.74,54.08,52.58,53.78
53.15,53.46,52.41,53.17
52.6,53.56,52.24,52.63
52.76,53.91,52.64,52.81
53.57,54.34,53.35,53.88
53.68,54.22,53.4,53.54
53.81,54.13,52.91,53.83
53.14,53.24,51.63,53.01
51.64,52.67,51.22,52.17
52.37,53.21,52.37,52.34
53.15,54.13,52.9,53
53.8,53.95,52.77,53.86
52.91,53.72,52.86,52.93
53,53.51,52.73,53.2
53.54,54.06,53.12,53.11
53.87,53.91,53.29,53.75
53.9,55.03,53.72,53.78
54.26,54.6,53.35,54.33
53.91,54.94,53.87,53.59
54.33,54.51,53.76,54.45
54.02,54.61,53.94,53.99
54.04,54.23,53.18,54.05
53.95,54.44,53.63,54.01
53.69,53.8,52.54,53.83
52.58,53.39,52.55,52.61
53.19,53.56,52.76,53.33
53.17,53.8,52.71,53.2
52.79,52.92,50.05,53.14
50.22,50.84,48.59,50.28
49.61,50.11,48.31,49.28
48.45,48.68,47.9,48.49
48.45,48.79,47.09,48.4
48.76,49.04,48.16,47.72
49.01,49.62,48.45,48.86
49.29,49.71,49.1,48.75
49.25,49.36,48.46,49.31
48.91,49.48,47.99,48.91
48.16,48.32,47.01,48.24
48.15,48.48,47.58,48.04
47.67,48.2,47.54,47.7
48.12,48.28,47.08,47.97
47.89,48.74,47.8,47.73
48.47,49.63,48.38,48.37
49.6,50.47,49.27,49.51
50.32,50.85,49.9,50.35
50.69,50.83,50.12,50.6
50.24,51.3,49.88,50.24
51.18,51.88,50.74,51.03
50.8,51.82,50.77,51.15
51.7,52.94,51.49,51.7
52.31,53.18,52.29,52.24
53.13,53.45,52.7,53.08
53.4,53.76,52.71,53.4
52.85,53.39,52.82,53.11
52.97,53.21,52.55,53.18
53.19,53.3,52.54,52.65
52.75,53.08,50.51,52.85
51.03,51.38,50.5,50.85
50.71,50.93,49.2,50.71
49.68,50.22,49.03,49.62
49.22,49.83,48.87,49.23
49.36,50.2,48.94,49.56
49.22,49.43,48.2,49.62
49.27,49.76,48.8,48.97
49.17,49.32,48.59,49.33
48.78,49.28,47.35,48.84
48.12,48.23,47.3,47.66
47.6,47.75,45.29,47.82
45.51,46.68,43.76,45.52
46.35,46.98,45.73,46.22
46.49,46.78,45.53,46.43
46.18,47.78,46.01,45.88
47.39,48.22,47.34,47.33
47.81,48.07,47.35,47.83
47.85,49.66,47.75,47.84
48.82,49.38,48.17,48.85
48.23,49.5,48.03,48.66
49.25,49.93,48.38,49.07
49.67,50.9,49.6,49.66
50.93,51.43,50.75,50.67
51.04,51.79,50.57,51.13
51.44,51.88,51.03,51.47
51.25,52,48.45,51.36
48.75,49.94,48.18,48.9
49.93,50.28,49.03,49.8
49.65,49.71,47.73,49.66
48.63,49.17,47.9,48.32
48.04,48.19,46.74,48.36
47.71,48.42,46.86,47.66
47.4,48.4,46.94,47.4
47.98,48.23,45.65,48.19
45.85,46.18,45.2,45.72
45.71,46.18,45.27,45.64
45.8,46.71,45.66,45.83
46.01,46.57,45.56,46.08
45.94,46.49,44.54,46.46
44.69,44.81,44.22,44.73
44.46,45.18,44.46,44.46
44.89,45.28,44.26,44.97
44.33,44.69,42.94,44.43
43.38,44.2,42.05,43.51
42.55,43.32,42.26,42.53
42.8,43.2,42.53,42.74
43.16,43.65,42.63,43.01
43.49,44.44,43.32,43.38
43.7,44.9,43.67,44.24
44.89,45.45,44.65,44.74
44.89,46.35,44.88,44.93
46.28,47.1,45.92,46.04
47.04,47.32,44.51,47.07
45.65,46.53,45.18,45.13
45.35,45.42,43.78,45.52
44.35,44.84,43.65,44.23
44.58,45.81,43.83,44.4
45.74,46.48,45.11,45.04
45.44,46.28,44.99,45.49
46.08,46.74,45.8,46.08
46.68,46.88,45.89,46.54
46.17,47.14,46.02,46.02
46.48,47.46,46.32,46.59
47.27,47.74,46.81,47.32
46.91,47.21,45.54,46.92
45.62,46.53,45.4,45.77
46.46,48.66,46.38,46.34
48.51,48.87,47.86,47.89
48.7,49.24,48.25,48.75
49.17,49.81,48.86,49.04
49.85,50.41,49.18,49.71
50.21,50.43,48.37,50.17
48.8,49.65,48.55,49.16
49.59,49.96,48.78,49.59
48.95,49.64,48.5,49.03
49.59,49.73,48.54,49.58
49.31,49.79,48.86,49.39
49,49.72,48.9,49.17
49.68,50.22,48.35,49.56
48.52,48.98,47.98,48.59
48.79,49.16,47.43,48.82
47.49,47.9,47.02,47.59
47.72,47.99,46.67,47.55
46.8,47.19,46.46,46.78
47.08,48.9,46.93,47.09
48.89,48.91,47.21,48.66
47.59,48.21,47.36,47.53
47.64,48.5,47.53,47.83
48.36,48.43,47.06,48.41
47.62,47.91,47.39,47.43
47.89,48.2,46.15,47.87
46.86,46.96,45.76,46.57
46.31,46.72,45.84,46.44
45.95,47.47,45.58,45.96
47.08,47.35,46.56,47.23
47.28,48.98,47.15,47.29
48.59,49.42,48.52,48.66
49.14,49.33,48.63,49.16
49.09,49.26,47.27,49.09
47.58,48.27,47,47.48
48.12,48.44,47.73,48.07
48.34,49.4,48.12,48.23
49.31,50.5,49.15,49.3
49.72,50.13,49.41,49.89
50.39,50.85,49.68,49.89
50.38,50.82,49.73,50.35
50.27,51.11,50.13,49.9
50.72,50.81,50.07,50.69
50.73,50.78,50.29,50.55
50.68,52.28,50.39,50.66
52.12,52.43,51.43,52.22
52.09,52.34,51.63,51.88
52.05,52.86,51.22,52.14
51.58,51.77,51.25,51.56
51.64,51.71,50.07,51.67
50.59,50.73,50.14,50.58
50.16,50.67,49.76,50.42
49.88,51.22,49.85,49.98
50.75,50.82,49.1,50.79
49.25,49.79,49.13,49.29
49.55,51.06,49.54,49.58
50.94,51.42,50.61,50.92
51,51.13,50.15,51.3
50.73,51.72,50.7,50.6
51.43,52.37,51.35,51.45
51.93,52.25,51.21,51.87
52.17,52.56,51.92,51.88
52.26,52.39,51.28,52.26
51.59,52.09,50.87,51.51
52.07,52.3,51.68,51.84
51.89,52.62,51.55,51.9
52.56,52.57,51.89,52.47
52.19,52.86,51.91,52.18
52.8,54.2,52.25,52.64
54.16,54.46,53.75,53.9
54.08,54.85,53.93,54.15
54.65,55.22,53.89,54.38
54.28,54.84,53.99,54.3
54.73,55.76,54.4,54.54
55.97,57.61,55.66,55.64
57.27,57.69,56.83,57.35
56.96,57.92,56.41,57.2
56.85,57.53,56.69,56.81
57.02,57.35,56.55,57.17
56.9,57.15,56.3,56.74
56.72,56.77,54.81,56.76
55.06,55.56,54.88,55.7
55.51,55.83,55.15,55.33
55.46,56.82,55.39,55.35
56.8,56.93,55.75,56.71
56.38,57.22,56.32,56.42
57.12,58.15,57.03,56.83
58.05,59.05,57.75,58.02
58.95,58.99,57.55,58.95
57.86,58.11,57.42,58.11
57.73,58.3,56.75,57.99
57.41,57.98,56.82,57.3
57.42,58.88,57.29,57.4
58.32,58.34,57.35,58.36
57.48,57.92,57.08,57.47
57.45,57.57,55.87,57.62
56,56.78,55.82,55.96
56.65,57.79,56.54,56.69
57.25,58.08,56.91,57.36
58.02,58.56,56.85,57.99
57.45,57.83,56.55,57.14
56.7,57.22,56.09,56.6
57.19,57.51,56.99,57.04
57.4,57.81,56.88,57.33
57.34,57.8,57.2,57.22
57.66,58.12,57.44,57.56
58.02,58.38,57.63,58.09
58.21,58.5,57.87,58.36
58.4,60.01,58.32,58.47
59.79,59.93,59.33,59.97
59.53,59.94,59.44,59.64
59.91,60.51,59.82,59.84
60.2,60.74,60.1,60.42
60.39,61.97,60.28,60.37
61.96,62.21,61.59,61.63
61.9,62.04,61.09,62.01
61.61,61.97,61.34,61.44
61.92,63.48,61.8,61.73
63.41,63.67,63.09,62.96
63.5,64.77,63.43,63.57
63.57,64.5,63.06,63.8
64.43,64.89,63.39,64.3
63.89,64.17,63.31,63.73
64,64.28,63.44,63.97
63.68,63.73,62.78,63.89
63.5,64.13,63.05,63.31
63.88,64.88,63.7,63.57
64.42,66.05,64.34,64.47
65.88,66.66,65.08,65.61
65.25,66.35,64.91,65.51
66.18,66.46,64.98,66.14
65.53,65.56,63.89,65.56
64.03,64.94,63.67,64.5
64.76,66.25,64.63,64.73
65.99,66.3,64.47,65.8
65.1,65.4,63.42,65.45
63.43,64.29,63.12,64.15
63.92,64.18,61.25,63.39
61.7,62.09,60.27,61.79
60.43,60.77,58.07,61.15
59.12,60.83,59.1,59.2
59.35,59.73,58.39,59.29
58.98,60.9,58.2,59.19
60.55,61.46,59.59,60.6
61.28,61.87,60.76,61.17
61.51,62.65,61.43,61.55
61.63,61.86,60.92,61.79
61.34,63.09,60.75,61.68
62.6,63.73,62.33,62.77
63.6,64.24,63.06,63.55
64.06,64.08,62.64,63.91
62.79,63.44,61.36,63.01
61.55,61.83,60.18,61.64
61.34,61.6,60.13,60.99
61.55,62.79,61.1,61.25
62.58,63.28,62.17,62.57
62.3,62.58,60.58,62.6
61.33,61.4,59.95,61.15
60.27,62.18,60.14,60.12
62.1,62.33,60.67,62.04
61.37,61.97,60.27,61.36
60.87,61.33,60.11,60.71
60.95,61.54,60.82,60.96
61.24,62.6,61.14,61.19
62.3,62.44,61.45,62.41
62.2,63.98,62.13,62.13
63.72,65.55,63.58,63.54
65.5,65.74,64.14,65.17
64.28,66,64.11,64.3
65.9,66.55,65.08,65.88
65.53,66.41,64.53,65.55
64.7,65.13,63.72,65.25
64.69,65.26,64.16,64.38
64.91,65.42,62.8,64.94
62.89,63.86,62.86,63.01
63.59,63.64,62.06,63.51
63.6,64.12,63.07,63.37
63.7,63.79,61.81,63.54
62,63.61,61.93,62.06
63.3,65.86,63.2,63.42
65.59,67.45,65.15,65.51
66.75,67.33,66,66.82
67.18,67.76,66.7,67.07
67.24,67.74,66.13,67.39
66.42,66.75,65.56,66.22
66.69,68.9,66.54,66.52
68.73,69.55,68,68.47
68.22,68.66,67.49,68.33
68.22,69.03,67.14,68.4
68.95,69.38,67.54,68.64
67.75,68.18,67.11,67.7
68.03,68.78,67.71,68.05
68.21,68.36,67.64,68.19
68.15,69.34,67.17,68.1
68.56,68.9,66.85,68.57
67.49,68.14,66.92,67.25
67.68,68.6,67.21,67.93
68.5,69.97,68.12,68.43
69.85,70.84,69.51,69.72
70.03,70.4,67.63,70.73
70.05,71.36,69.85,69.06
71.23,71.89,70.56,71.14
71.45,71.63,70.45,71.36
70.54,71.26,70.26,70.7
71.15,71.92,70.42,70.96
71.02,71.59,70.66,71.31
71.56,72.3,71.09,71.49
71.64,71.86,71.09,71.49
71.5,72.68,71.32,71.37
72.62,72.9,71.82,72.35
72.11,72.26,71.19,72.2
71.83,72,70.52,71.84
70.65,70.8,67.42,70.71
66.49,67.35,65.92,67.88
66.85,68.67,66.35,66.73
68.24,68.3,66.56,68.21
67.07,67.34,65.51,67.04
65.71,66.04,64.57,65.81
64.94,65.57,64.22,64.75
65.51,65.96,64.27,65.52
65.07,66.07,64.81,64.73
65.98,66.24,65.15,65.95
65.56,66.35,64.85,65.74
66.05,66.7,65.87,66.1
66.01,66.89,65.52,66.36
66.62,67.16,66.36,66.64
66.62,67.16,64.29,66.89
64.22,65.82,63.4,65.06
65.7,65.74,64.23,65.69
64.93,66.35,64.79,64.9
65.34,66.22,64.34,65.71
65.93,69.38,65.71,65.54
68.75,69.44,67.78,68.58
68.21,70.91,67.72,68.08
70.68,73.06,70.56,70.53
72.27,74.03,72.2,72.76
73.33,74.46,72.93,73.45
73.62,74.35,72.51,74.15
74.08,75.27,72.73,73.94
74.35,74.8,72.53,74.14
73.16,74.01,72.14,72.94
73.87,74.28,72.99,73.8
74.04,74.7,73.65,73.85
74.2,74.26,70.02,74.11
70.6,71.24,69.23,70.38
70.38,71.66,69.84,70.33
70.52,70.87,67.58,71.01
68.03,68.44,67.03,68.06
66.72,68.01,66.29,68.08
67.96,68.79,66.62,67.75
68.03,68.91,67.69,68.24
68.17,69.31,67.6,68.26
67.8,69.05,67.56,67.89
68.77,69.7,68.2,68.52
69.38,69.92,68.92,69.3
69.58,69.77,68.26,69.61
69.01,70.43,68.8,68.69
70.05,70.22,67.98,70.13
68.43,68.52,67.31,68.76
67.86,69.36,66.92,67.66
68.99,69.24,67.87,68.96
68.65,69.92,68.5,68.49
68.9,69.83,68.81,69.01
69.09,69.37,66.32,69.17
66.79,67.41,66.49,66.94
66.74,67.87,66.14,66.81
67.78,67.95,65.71,67.63
67.42,68.37,66.58,67.2
66.62,66.9,64.51,67.04
64.95,65.52,64.43,65.01
64.85,65.76,64.69,65.46
65.21,65.62,64.85,65.21
65.44,66.49,65.31,65.42
66.08,68.15,65.98,65.84
68.07,68.12,67.32,67.86
67.9,69.31,67.78,67.83
68.57,68.97,68.34,68.72
68.93,69.2,68.21,68.87
68.54,69.76,68.37,68.53
69.71,70.5,69.55,69.51
70.06,70.36,69.64,70.25
70.12,71.4,69.08,69.8
69.43,69.59,68.56,69.87
68.64,69.02,67,68.72
67.88,68.08,66.86,67.77
67.82,68.52,67.33,67.75
67.53,70.01,67.48,67.54
69.89,71.26,69.5,69.25
70.24,70.28,68.35,70.37
68.79,69.91,67.94,68.59
68.93,69.72,68.53,68.99
68.58,70.17,68.29,68.91
69.46,71.07,69.36,69.59
70.98,71.35,70.03,70.77
70.2,71.8,69.98,70.32
71.14,72.74,71.14,70.78
72.25,72.78,71.89,72.08
72.09,72.38,71.47,72.28
72.01,72.6,71.71,71.57
72.18,73.73,71.88,72.12
73.29,75.77,72.95,73.25
75.42,75.91,74.93,75.3
75.12,76.9,74.3,75.23
76.18,76.47,73.88,76.41
74.67,75.22,73.84,74.33
74.4,74.58,73.07,74.34
74.21,75.28,74,74.29
74.66,75.08,72.38,74.96
72.68,72.76,70.51,73.17
70.99,72.01,70.64,70.97
71.85,72.7,70.85,71.34
71.72,72.29,71.02,71.78
72.17,72.43,69.43,71.92
69.94,69.99,68.53,69.75
68.76,69.9,68.62,68.71
69.6,69.84,68.46,69.28
69.55,69.66,65.74,69.36
66.17,67.72,66.05,66.43
66.36,67.65,65.99,66.82
66.95,67.88,66.2,67.33
67.55,67.95,66.29,67.59
66.68,67.26,65.33,67.04
66.32,67,64.81,66.18
64.88,65.39,63.11,65.31
63.5,63.95,62.63,63.69
62.99,64.14,62.52,63.14
62.7,63.32,61.31,63.1
61.74,63.18,61.2,62.21
61.64,62.42,60.4,61.67
60.75,60.79,59.26,60.67
60.7,61.28,58.68,60.19
58.88,59.35,54.75,59.93
55.27,57.37,55.13,55.69
56.24,57.48,55.8,56.25
56.78,58.16,56.12,56.68
57.03,57.58,55.28,56.68
57.39,57.44,52.77,57.2
53.39,55.86,53.39,53.43
53.87,54.12,50.15,54.63
50.62,52.25,50.1,50.42
51.54,52.38,50.3,51.63
52.09,52.56,50.06,51.56
50.31,52.2,49.41,50.29
51.27,51.79,49.65,51.45
52.45,53.85,52.03,50.93
53.13,54.55,52.43,52.95
52.59,54.44,52.16,53.25
52.93,53.3,50.08,52.89
51.76,54.22,50.6,51.49
52.03,52.81,50.53,52.61
50.89,52.43,50.7,51
51.95,52.88,50.94,51.65
51.2,53.27,50.35,51.15
52.83,52.95,50.84,52.58
51.52,52.15,49.32,51.2
49.46,49.9,46.11,50.2
46.31,48.36,46.3,46.6
47.39,47.51,45.67,48.17
46.25,46.77,45.13,45.88
45.45,46.24,42.36,45.59
42.85,47,42.52,42.53
46.58,46.7,44.37,46.22
45.44,46.22,44.42,44.61
45.22,46.53,44.73,45.33
45.8,47.78,44.35,45.41
46.26,47.49,45.35,46.54
46.9,49.22,46.65,47.09
48.3,49.79,48.11,47.96
48.73,49.95,48.31,48.52
49.8,52.58,49.71,49.78
52.18,52.78,51.37,52.36
52.28,53.31,51.18,52.59
51.73,52.11,50.38,51.59
50.78,52.3,50.64,50.51
52,52.52,51.26,52.11
52.6,52.88,51.29,52.31
52.53,54.14,52.37,52.36
53.95,54.51,52.04,54.04
52.95,53.64,51.86,53.01
52.45,53.47,52.07,52.62
53.17,53.94,52.91,53.13
53.56,53.64,51.33,53.69
52.12,53.93,51.84,51.99
53.24,54.93,53.09,53.31
54.28,55.37,53.62,54.23
54.01,55.66,53.37,53.79
55.32,55.75,53.29,55.26
54.86,55.21,53.47,54.56
53.73,54.3,52.86,53.66
53.94,54.21,51.8,54.01
52.59,52.99,52.08,52.64
52.66,52.78,51.23,52.72
52.47,54.05,52.29,52.41
53.35,54.6,53.27,53.1
53.96,54.68,53.08,53.9
54.86,56.26,54.62,54.41
56.15,56.73,55.66,55.98
56.39,57.6,55.77,56.45
57.24,57.61,56.64,57.16
56.84,57.81,56.71,56.96
57.17,57.53,55.08,57.26
55.46,56.08,55.02,55.48
55.95,57.39,55.72,55.5
57,57.43,56.43,56.94
57.22,57.88,55.57,57.22
55.83,57,55.81,55.8
56.45,57.19,56.09,56.59
56.28,56.4,55.42,56.56
56.2,56.99,56.08,56.22
56.43,56.51,54.52,56.66
56.07,57.01,55.96,56.07
56.76,57.55,56.74,56.79
57.09,58.48,57.01,56.87
58.35,58.74,58,58.26
58.51,58.95,57.74,58.61
58.75,59.54,58.37,58.52
59.31,59.86,58.89,59.38
59.29,60.28,58.56,59.29
59.99,60.39,59.66,60.23
59.87,60.07,58.28,59.98
58.98,59.35,58.17,59.04
59.12,60.38,59.04,58.82
60.03,60.22,58.81,59.94
59.4,59.56,58.2,59.41
59.53,60.73,59.41,59.3
60.24,61.8,60.13,60.14
61.81,62.75,61.6,61.59
62.64,62.99,62.05,62.58
62.5,62.77,61.89,62.46
62.18,63.34,61.82,62.1
63.33,64.48,63.13,63.08
64.4,64.79,63.68,64.4
64.22,64.7,64.05,63.98
64.48,64.49,63.31,64.61
63.71,64.65,63.66,63.58
63.76,63.84,63.03,63.89
63.57,64.37,62.99,63.4
64.46,64.72,63.76,64.05
63.85,64.24,63.55,63.87
64.07,65.99,64.05,64.07
65.75,66.6,65.58,65.55
66.17,66.43,65.66,66.3
65.81,66.28,64.9,65.89
65.13,65.18,62.28,65.21
62.95,63.69,62.46,63.3
63.58,64.75,63.3,63.5
63.4,63.93,62.77,63.91
63.61,63.68,60.95,63.6
61.55,62.52,61.3,61.81
61.43,62.95,60.04,61.94
62.17,62.49,60.66,62.25
61.44,62.37,61.07,61.4
62.02,62.21,60.92,62.12
61.64,62.49,61.42,61.7
61.65,63.33,60.64,61.66
60.86,62.11,60.69,61.04
61.37,62.34,60.85,61.78
62.12,63.48,62.08,62.02
63.3,63.82,62.7,62.87
63.69,63.96,62.6,62.92
63.37,63.78,62.78,63.21
62.64,62.78,61.03,63.13
61.27,61.29,57.33,61.42
58.21,59.1,57.5,57.91
58.94,59.57,58.13,58.63
59.07,59.14,56.88,59.14
59.12,59.7,56.33,58.81
56.46,56.61,53.05,56.59
53.42,54.63,52.11,53.5
52.89,53.78,52.43,53.25
52.86,53.41,50.6,53.48
51.66,53.3,51.17,51.68
53.1,54.32,52.62,52.59
54.24,54.84,53.05,53.99
53.43,54.04,52.91,53.26
53.04,53.05,50.72,53.27
51.07,53.45,50.92,51.14
52.18,52.98,51.7,52.28
52.5,52.74,51.58,52.51
52.15,54.53,51.72,51.93
54.3,54.65,53.5,54.11
54.38,57.37,54.35,53.97
57.26,57.98,56.66,57.07
57.72,58.22,56.75,57.43
57.74,58.84,57.2,57.9
58.84,59.93,58.65,57.83
59.27,59.73,58.61,59.38
59.22,59.8,57.75,59.43
59.27,60.28,58.34,58.47
59.14,59.43,56.09,59.09
56.49,57.48,56.04,56.25
57.38,57.82,56.29,57.34
57.77,58.46,57.3,57.51
57.56,59.1,57.29,57.66
58.4,60.53,58.35,57.83
60.44,60.94,60.14,60.43
60.46,60.74,59.93,60.2
60.25,60.92,59.2,60.21
59.26,60.06,57.07,59.58
57.52,58.36,56.21,57.62
56.72,57.45,54.85,56.78
55.84,56.49,55.12,55.42
56.2,57.04,55.83,55.76
56.17,57.47,55.74,56.22
57.23,57.64,55.33,56.77
55.9,56.99,55.81,55.88
55.93,56.57,55.68,56.02
56.2,57.1,55.81,56.2
57.07,58.47,56.96,56.87
58.34,58.82,57.81,58.05
57.85,57.99,53.59,58.58
54.54,56.05,54.15,53.95
55.38,55.61,54.22,55.66
54.95,55.42,53.29,54.69
53.42,53.77,50.52,53.63
52.33,53.06,51.94,51.09
52.88,54.92,52.37,52.54
54.32,55.18,53.54,54.5
54.73,57.47,54.21,54.93
56.74,56.85,53.97,57.1
54.9,55.33,53.77,55.23
54.61,55.62,54.22,54.47
54.95,56.32,54.79,54.81
56.13,56.6,55.16,56.14
56.05,57.13,55.55,56.13
55.94,56.46,54.85,55.68
55.35,55.6,53.24,55.35
53.25,55.26,52.96,54.17
53.76,55.72,53.69,53.64
55.71,56.75,55.34,54.93
55.88,56.89,55.43,55.78
56.63,56.72,54.55,56.71
55,55.24,52.84,55.1
53.92,56.58,53.84,53.94
55.95,57.76,55.75,56.26
56.19,56.95,54.83,56.3
56.8,58.16,56.58,56.52
58.03,58.76,57.2,57.85
57.89,58.3,55.61,57.4
55.93,56.34,54,55.75
55.15,55.68,54.44,55.09
61.48,63.38,58.77,54.85
61.96,62.59,58.46,62.9
58.62,59.27,57.58,59.34
58.17,59.49,58.02,58.04
58.69,59.24,57.93,58.19
59.25,59.39,57.37,58.09
58.44,58.49,56.69,58.64
56.7,57.02,55.55,57.29
56.69,56.84,55.41,56.49
56.51,56.76,54.75,56.41
56.54,56.57,53.98,55.91
54.28,54.84,53.05,54.07
54,54.42,52.17,53.62
52.47,52.91,50.99,52.64
52.29,53.35,52.04,52.45
52.69,54.06,52.59,52.81
52.81,53.27,51.81,52.75
52.57,53.74,52.31,52.63
52.69,53.97,51.38,52.59
53.88,54.93,53.64,53.55
54.9,54.9,52.77,54.7
53.51,53.79,52.39,53.59
52.92,53.74,52.52,52.81
52.99,54.16,52.62,53.36
54.2,54.69,53.44,53.93
53.83,54.17,52.85,53.87
53.6,54.81,53.23,53.51
54.3,56.07,53.62,54.48
55.9,56.51,55.41,55.97
56.07,56.74,55.6,56.23
56.65,56.92,55.58,56.66
55.8,55.91,54.61,55.81
55.53,55.73,54.42,55.54
54.9,55.59,53.71,55.06
54.15,56.33,54.07,54.18
56.41,57.43,55.83,56.2
56.56,57.5,56.3,56.54
57.26,57.85,56.11,57.23
56.35,57.88,56.27,56.35
57.08,57.48,55.76,57.15
57.4,57.4,56.25,57.24
56.89,57.55,56.54,56.86
56.79,57.53,56.2,56.8
57.39,57.79,56.63,57.12
56.91,57.97,56.43,56.77
57.97,58.17,56.64,57.72
57,57.21,55.16,57.14
55.26,57.37,54.85,55.35
57,58.67,56.6,57.01
58.31,58.74,57.5,58.58
57.92,58.15,57.21,57.77
57.92,58.56,57.76,58.01
58.27,58.68,57.51,58.41
58.13,58.3,55.02,58.11
55.47,56.67,55.42,55.17
55.96,56.8,55.35,55.96
56.43,58.66,56.28,56.1
58.36,59.12,58.1,58.43
58.32,59.85,57.7,58.43
59.11,59.25,58.23,59.2
58.92,59.52,58.52,59.02
59.06,59.22,58.11,59.24
58.88,59.72,58.75,58.76
59.36,60.48,59.27,59.18
59.87,60.34,59.71,60.07
60.16,60.97,59.97,60.21
60.49,61.11,60.24,60.87
60.81,61.4,60.69,60.85
61.11,61.2,60.02,61.18
60.41,60.77,60.1,60.44
60.63,61.16,60.47,60.52
61.2,61.83,61.06,61.11
61.73,61.97,61.24,61.68
61.71,62.34,61.09,61.72
61.68,61.88,60.63,61.68
61.6,61.6,60.64,61.06
61.18,64.09,61.13,61.18
63.71,64.72,62.64,63.05
62.91,63.15,62.11,63.27
62.84,65.65,59.15,62.7
59.99,60.31,58.66,59.61
59.61,59.78,58.85,59.56
59.04,59.27,57.91,59.04
58.03,58.72,57.72,58.08
58.2,58.36,57.36,58.23
58.12,58.88,57.6,57.81
58.61,59,58.31,58.53
59.35,59.77,57.71,58.58
58.26,58.38,56.03,58.38
56.11,56.27,54.77,56.74
55.69,55.95,53.85,55.59
53.7,53.71,52.13,54.19
52.77,54.06,52.68,53.14
53.97,54.37,52.81,53.48
53.09,53.2,51.66,53.33
52.92,53.36,50.97,52.14
51.01,51.97,49.8,51.56
49.94,51.55,49.31,50.11
49.51,51.88,49.47,49.61
51.17,52.2,50.24,50.75
51.11,51.48,50.09,50.95
50.12,50.49,49.42,50.32
49.61,50.69,49.58,49.57
49.96,51.73,49.95,49.94
51.72,51.96,50.6,51.17
51.51,52.34,51.32,51.42
52.49,52.65,51.15,52.05
52.36,53.87,52.16,52.29
53.7,54.66,53.44,53.49
53.74,53.86,52.55,53.88
52.6,52.64,50.45,53.38
51.37,52.02,49.69,51.43
50.08,50.44,48.3,49.9
48.63,48.78,45.88,48.73
46.49,47.03,43.85,47.09
43.7,47.56,43.32,44.76
47.72,48.66,46.47,46.75
46.94,48.41,46.65,47.18
47.13,47.57,45.65,46.78
46.09,46.38,41.05,45.9
32.87,34.88,27.34,41.28
30.37,35.02,30.2,31.13
34.62,36.35,32.56,34.36
33.07,33.63,30.02,32.98
30.77,33.87,30.33,31.5
33.75,33.75,28.1,31.73
28.69,30.3,26.63,28.7
27.3,27.6,20.52,26.95
22.82,28.28,21.77,20.83
25.59,28.49,22.39,25.91
22.52,24.07,20.8,22.63
23.87,25.16,23.09,23.36
24.37,25.24,22.91,24.01
24.25,24.65,22.38,24.49
23.29,23.44,20.88,22.6
20.93,20.93,19.27,21.51
20.23,21.89,20.01,20.09
20.1,21.55,19.9,20.48
21.22,27.39,20.76,20.31
24.81,29.13,23.52,25.32
26.09,28.24,25.28,28.34
26.34,27.24,23.54,26.08
24.3,26.45,23.74,23.63
26.28,28.36,22.57,25.09
24.6,24.74,22.03,22.76
22.36,23.08,19.95,22.41
20.72,20.89,19.2,20.11
20.15,20.53,19.42,19.87
20,20.22,17.31,19.87
17.73,17.85,-40.32,18.27
21.32,22.58,6.5,11.57
13.12,16.18,10.26,13.78
14.2,18.26,13.35,16.5
16.78,17.97,15.64,16.94
16.84,16.98,11.88,12.78
12.96,13.69,10.07,12.34
13.35,16.78,12.67,15.06
15.64,19.44,15.45,18.84
19.04,20.48,18.07,19.78
19.11,21.42,18.05,20.39
21.24,25.49,21.13,24.56
25.52,26.08,22.58,23.99
24.09,26.74,22.94,23.55
23.35,24.99,23.26,24.74
24.49,25.58,23.67,24.14
24.49,26.23,24.22,25.78
25.3,26.45,24.79,25.29
25.56,27.96,25.18,27.56
28.02,29.82,27.53,29.52
29.81,33.1,29.55,31.65
32.39,32.91,31.13,31.96
31.89,33.78,31.56,33.49
33.53,34.66,33.26,33.92
33.95,34,30.72,33.25
33.3,34.81,32.48,34.35
34.14,34.32,31.75,32.81
32.1,34.21,31.14,33.71
33.68,35.77,32.36,35.49
35.21,35.9,34.27,35.44
35.56,37.06,35.28,36.81
36.86,38.18,35.88,37.29
36.76,37.62,36.38,37.41
37.33,39.68,37.05,39.55
39.41,40.44,37.96,38.19
38.22,39.1,37.07,38.94
38.5,39.91,37.73,39.6
39.09,39.09,35.41,36.34
36.26,36.99,34.48,36.26
36.03,37.26,34.36,37.12
37.05,39.06,36.38,38.38
37.93,38.75,37.21,37.96
38,39.17,37.4,39.05
39.03,40.6,38.51,39.83
39.02,40.77,39,40.73
40.68,41.63,39.76,40.37
39.99,40.54,37.31,38.01
38.05,39.23,37.08,38.72
39.09,39.35,37.79,38.49
37.96,39.89,37.5,39.7
39.64,40.08,38.85,39.27
39.84,40.58,39.05,39.82
39.78,40.74,39.46,40.65
40.38,41.08,39.84,40.63
40.68,40.95,39.9,40.62
40.48,41.08,40.3,40.9
40.87,40.99,39.27,39.62
39.58,40.77,38.54,40.55
40.35,40.72,39.47,40.1
39.6,40.57,39.07,40.29
40.55,41.26,40.08,41.2
40.97,41.18,40.52,40.75
40.9,41.05,40.18,40.75
40.77,41.02,39.97,40.92
40.8,42.51,40.74,41.92
41.54,42.03,41.14,41.9
41.95,42.36,40.83,41.07
41.06,41.67,40.66,41.29
41.26,41.82,40.48,41.6
41.65,41.93,40.85,41.04
41.13,41.57,40.93,41.27
41.32,41.39,38.72,39.92
40.34,40.55,39.66,40.27
40.39,41.24,39.58,41.01
40.78,42.08,40.14,41.7
41.56,43.52,41.47,42.19
42.19,42.65,41.61,41.95
41.97,42.22,41.06,41.22
41.5,42.33,41.17,41.94
41.98,42.94,41.48,41.61
41.62,42.9,41.53,42.67
42.57,42.84,42.09,42.24
42.33,42.57,41.62,42.01
42.24,42.97,41.8,42.89
43.05,43.29,42.4,43.12
42.81,43.21,42.55,43.11
42.95,42.98,41.63,42.82
42.75,42.96,41.46,42.34
42.48,42.89,42.23,42.62
42.36,43.57,42.31,43.35
43.39,43.78,43,43.39
43.45,43.5,42.36,43.04
42.98,43.42,42.69,42.97
42.91,43.57,42.56,42.61
42.83,43.43,42.72,42.76
43.02,43.21,41.23,41.51
41.63,41.79,40.22,41.37
41.25,41.87,39.35,39.77
39.48,39.59,36.13,36.76
36.79,38.45,36.16,38.05
37.8,38.18,36.93,37.3
37.01,37.82,36.67,37.33
37.32,37.68,36.82,37.26
37.28,38.57,37.06,38.28
38.35,40.34,38.35,40.16
40.19,41.22,39.42,40.97
41.2,41.72,40.52,41.32
41.19,41.49,38.87,39.54
39.84,40.27,39.19,39.8
39.76,40.75,39.26,39.93
39.6,40.37,39.12,40.31
40.15,40.64,39.71,40.25
40.07,40.8,39.78,40.6
40.58,40.7,38.41,39.29
39.16,40.37,38.68,40.22
39.9,40.47,37.61,38.72
38.6,38.65,36.63,37.05
37,39.72,37,39.22
39.35,40.86,39.1,40.67
39.83,40.35,39.28,39.95
39.99,41.33,39.76,41.19
41.31,41.47,40.38,40.6
40.4,40.45,39.04,39.43
39.53,40.53,39.35,40.2
40.19,41.16,39.82,41.04
41.13,41.29,39.22,40.96
41.16,41.3,40.34,41.12
40.92,41.46,40.77,41.06
40.93,41.9,40.46,41.7
41.22,41.59,39.78,40.03
40.04,41.02,39.71,40.64
40.61,40.92,39.57,39.85
39.69,39.74,38.28,38.56
38.59,39.83,38.51,39.57
38.97,39.01,36.97,37.39
37.39,37.76,34.92,36.17
36.07,36.6,35.21,35.79
35.24,37.15,33.64,36.81
37.03,38.32,36.57,37.66
38.15,39.25,37.26,39.15
39.17,39.35,38.27,38.79
38.54,38.61,37.06,37.14
37.34,41.33,37.16,40.29
39.91,41.84,39.41,41.36
41.79,43.06,41.32,41.45
41.47,42.19,40.87,41.12
40.94,40.94,40.06,40.13
40.17,42.09,40.15,41.34
41.44,41.69,40.57,41.43
41.55,42.68,41.3,42.01
41.87,42.15,41.26,41.9
41.88,42.54,41.61,42.42
42.46,43.36,42.29,43.06
42.84,45.2,42.82,44.91
44.82,46.26,44.73,45.71
45.9,46.09,44.55,45.53
45.34,45.8,44.42,45.34
45.08,45.7,44.12,44.55
44.38,45.92,43.92,45.28
44.99,45.84,44.66,45.64
45.64,46.68,45.61,46.26
46.15,46.54,45.36,45.76
45.66,45.93,45.14,45.6
45.6,46.24,44.95,45.52
45.69,47.74,45.52,46.78
46.97,47.29,46.34,46.57
46.73,47.44,45.69,46.99
46.99,47.73,46.54,47.62
47.6,47.94,47.17,47.82
48.07,48.8,48,48.54
48.57,49.43,48.27,49.24
49.26,49.31,46.25,47.97
47.93,47.96,46.6,47.02
46.79,48.5,46.16,48.12
48.09,48.62,47.56,48.23
48.23,48.96,47.5,47.62
47.72,48.35,47.68,48
48.13,48.66,47.61,48.4
48.35,48.58,47.77,48.52
48.4,49.83,47.18,47.62
47.38,50.2,47.24,49.93
49.82,50.94,49.48,50.63
50.53,51.28,50.39,50.83
50.93,52.75,50.81,52.24
52.58,52.7,51.5,52.25
52.18,53.45,52.07,53.21
53.31,53.93,52.58,52.91
52.84,53.75,52.24,53.57
53.77,53.86,51.89,52.42
52,53.18,51.81,52.98
53.06,53.83,52.83,53.31
52.93,53.41,52.75,53.13
53.1,53.16,51.44,52.27
52.17,52.95,51.82,52.77
52.91,53.25,52.29,52.61
52.76,53.3,51.85,52.85
52.65,53.58,52.04,52.34
52.15,53.25,51.93,52.2
51.99,53.74,51.64,53.55
53.48,55.26,53.45,54.76
55.05,56.33,54.81,55.69
55.96,56.58,55.3,56.23
56.46,57.29,56.43,56.85
57.06,58.14,57,57.97
58.11,58.62,57.27,58.36
58.45,58.91,58.08,58.68
58.4,58.71,57.84,58.24
57.94,59.82,57.41,59.47
59.98,60.95,59.33,60.05
60.24,61.73,59.43,61.14
61.71,62.29,59.81,60.53
60.18,60.32,58.6,59.26
58.93,62.22,58.82,61.7
62.16,63,60.67,61.67
61.29,63.51,60.97,63.22
63.39,63.81,62.65,63.53
63.46,63.57,61.34,61.5
61.95,62.92,59.96,60.64
60.23,61.21,59.38,59.75
59.55,61.99,59.24,61.28
61.08,64.86,60.52,63.83
64.16,66.42,63.82,66.09
66.68,67.98,64.57,65.05
64.73,65.98,63.63,64.01
63.84,64.96,63.13,64.44
64.7,66.21,64.54,66.02
65.96,66.24,65.41,65.61
65.56,66.4,64.13,65.39
65.33,65.43,63.8,64.8
64.75,65.34,63.6,64.6
64.44,64.88,58.28,60.06
59.65,61.8,59.01,61.44
61.6,62.04,60.35,61.56
61.28,61.35,57.25,57.76
57.4,61.34,57.29,61.18
60.8,60.86,57.44,58.56
58.48,61.36,58.32,60.97
60.93,61.77,59.41,61.56
61.96,62.27,59.94,60.55
60.45,61.17,58.85,59.16
59.49,61.75,58.86,61.45
61.5,61.5,57.63,58.65
58.8,60.9,58.62,59.33
59.26,60.04,58.12,59.77
59.52,59.93,58.82,59.6
59.76,59.95,59.1,59.32
59.35,60.77,58.73,59.7
59.64,60.59,59.64,60.18
60.44,63.44,60.38,63.15
62.83,63.57,62.53,63.46
63.35,63.94,62.88,63.19
63.01,63.69,62.67,63.43
63.53,64.38,61.49,62.67
62.39,62.56,60.86,61.35
61.11,61.87,60.61,61.43
61.65,62.43,61.25,62.14
62.06,62.31,60.66,61.91
61.97,63.3,61.91,62.94
63.04,64.53,62.67,63.86
63.7,65.47,63.65,65.01
64.88,64.95,63.08,63.58
63.64,64.68,62.91,64.49
64.53,66.19,64.29,65.69
66.45,66.76,64.92,65.63
65.27,65.98,64.5,64.71
64.9,65.24,63.9,64.9
65.57,65.75,63.95,64.92
64.9,65.5,63.68,65.28
65.46,66.63,64.97,66.08
65.75,65.81,63.09,63.82
63.83,65.62,63.33,65.37
65.5,66.43,64.83,66.27
66.31,67.02,64.14,65.5
65.3,65.35,61.95,63.35
63.35,63.95,61.67,61.94
61.89,64.07,61.56,63.58
63.87,66.14,63.63,66.05
66.02,66.51,65.41,66.07
66.04,66.43,65.25,66.21
66.16,66.92,65.47,66.85
66.95,67.52,66.17,66.32
66.68,68.87,66.41,67.72
67.99,69,67.78,68.83
68.76,69.4,68.19,68.81
68.91,69.76,68.33,69.62
69.52,70,68.93,69.23
69.29,70.27,68.47,70.05
70.01,70.62,69.46,69.96
69.76,70.65,68.68,70.29
70.1,71.24,69.68,70.91
70.65,71.78,70.65,70.88
71.16,72.49,70.81,72.12
72.45,72.99,71.61,72.15
71.65,72.3,69.77,71.04
70.8,71.82,69.87,71.29
71.15,73.28,70.78,73.12
73.04,73.47,72.47,72.85
72.91,74.25,72.82,73.08
73.28,73.61,72.32,73.3
73.32,74.18,72.85,74.05
73.99,74.45,72.62,72.91
72.78,73.81,71.97,72.98
73.47,74.14,72.82,73.47
73.5,76.22,73.39,75.23
75.02,75.62,74.41,75.16
75.35,76.98,72.94,73.37
73.85,74.86,71.07,72.2
72.17,73.26,70.76,72.94
73.26,74.76,72.72,74.56
74.74,74.93,73.16,74.1
74.18,75.52,73.68,75.25
75.17,75.44,72.21,73.13
72.96,72.96,71.4,71.65
71.21,72.04,70.16,71.56
71.09,71.4,65.56,66.35
66.61,67.61,65.01,67.2
66.45,70.51,66.44,70.3
70.22,72.03,69.86,71.91
71.71,72.21,71.39,72.07
72.18,72.43,70.56,71.91
72.22,72.33,71.08,71.65
71.9,72.6,71.7,72.39
72.4,73.68,72.26,73.62
73.41,74.23,72.93,73.95
73.91,73.95,70.55,71.26
71.52,71.96,69.19,70.56
70.32,70.81,67.85,68.15
68.06,69.35,67.61,69.09
69.14,70.18,67.8,68.28
67.88,67.9,65.15,66.48
66.85,68.9,66.56,68.29
68.51,69.45,66.67,69.25
69.36,69.62,68.46,69.09
68.91,69.22,67.77,68.44
68.13,68.14,65.73,67.29
67.43,67.72,66.33,66.59
66.34,67.23,64.17,65.21
64.45,64.57,62.41,63.5
63.65,64.04,61.82,62.14
61.96,66,61.74,65.64
65.54,67.8,65.41,67.54
67.63,68.54,66.92,68.36
68,68.31,67.02,67.42
67.75,69.05,67.52,68.74
69.3,69.64,67.67,69.21
69.18,69.34,68.16,68.5
68.55,69.24,67.12,68.59
68.29,70.61,67.84,69.99
69.76,70.53,69.05,69.29
69.11,69.48,67.64,68.35
68.37,69.75,68.31,69.3
69.36,69.89,67.56,68.14
67.97,69.96,67.68,69.72
69.74,70.97,69.51,70.45
70.64,71.22,69.98,70.46
70.76,73.14,70.65,72.61
72.65,72.99,71.53,72.61
72.33,72.5,71.03,71.82
71.81,71.93,69.71,70.14
70.43,71.48,69.39,70.49
70.85,72.3,70.64,72.23
71.97,73.5,71.61,73.3
73.24,74.27,72.81,73.98
74.19,75.75,74.16,75.45
75.43,76.67,74.24,75.29
74.38,75.79,73.74,74.83
74.78,76.07,73.14,75.03
75.12,75.99,74.23,75.88
75.9,78.38,75.32,77.62
77.58,79.48,77.47,78.93
79.04,79.78,76.83,77.43
77,78.89,74.96,78.3
78.86,80.11,78.63,79.35
79.59,82.18,79.55,80.52
80.5,81.62,79.47,80.64
80.58,81.04,79.42,80.44
80.59,81.68,80.38,81.31
81.48,82.66,81.39,82.28
82,83.18,81.21,81.69
81.58,82.99,81.08,82.44
82.46,83.65,80.78,83.42
83.58,83.96,80.79,82.5
82.61,84.22,81.76,83.76
83.98,85.41,83.39,83.76
83.72,84.88,82.97,84.65
84.39,84.51,82.01,82.66
82.25,83.21,80.58,82.81
83.09,83.74,81.41,83.57
83.36,84.88,82.74,84.05
83.87,84.41,82.92,83.91
83.07,83.08,79.69,80.86
80.18,83.42,78.25,78.81
79.37,81.8,78.96,81.27
81.13,82.67,81.05,81.93
82.16,84.63,81.78,84.15
84.53,84.97,80.81,81.34
81.41,82.33,80.2,81.59
81.21,81.62,79.78,80.79
80.66,81.2,79.3,80.88
80.93,81.81,80.03,80.76
79.6,79.71,76.93,77.55
77.49,78.8,76.44,78.41
78.29,79.33,75.09,75.94
75.75,77.16,74.76,76.75
76.46,78.86,75.3,78.5
78.48,79.23,77.98,78.39
78.34,78.65,67.4,68.15
69.23,72.93,68.86,69.95
70.04,71.22,64.43,66.18
67.01,69.49,64.84,65.57
65.63,67.49,62.43,66.5
67.5,69.22,65.6,66.26
67.02,70.15,66.72,69.49
69.72,73.03,69.52,72.05
71.86,73,70.91,72.36
72.52,73.34,70.39,70.94
70.68,72.33,70.32,71.67
72.04,73,70.71,71.29
71.12,72.03,69.51,70.73
70.35,71.66,69.39,70.87
71.28,72.74,70.87,72.15
71.79,72.05,69.7,70.72
69.88,69.98,66.12,68.61
69.21,71.55,68.56,71.12
71.27,73.16,70.8,72.76
73.03,73.95,72.27,73.79
73.38,76.09,72.57,75.57
75.97,76.92,75.53,75.98
76.04,77.37,75.36,76.56
76.58,77.44,75.78,76.99
76.66,77.08,74.95,75.21
75.69,76.46,74.27,76.08
76.02,77.64,75.7,76.99
77.18,78.58,76.51,77.85
77.24,80.24,76.73,79.46
79.62,80.47,78.52,78.9
78.88,79.45,77.83,78.23
78.42,81.59,78.36,81.22
81.38,83.1,81.17,82.64
82.82,82.94,81.39,82.12
81.73,84.45,81.58,83.82
83.77,85.98,82.93,84.83
85.89,86.79,84.99,85.8
85.06,87.1,84.2,85.55
84.57,85.56,82.78,85.14
84.91,86.09,81.9,83.31
84.15,85.71,82.99,85.6
85.26,87.95,85.01,87.35
87.15,88.54,86.2,86.61
87.5,88.84,86.44,86.82
87.45,88.39,86.34,88.15
88.15,88.87,86.55,88.2
88.35,89.72,87.1,88.26
87.98,90.45,86.75,90.27
90.19,93.17,90.07,92.31
91.82,92.73,90.73,91.32
91.64,91.68,88.51,89.36
89.86,90.58,88.41,89.66
90.01,91.74,89.03,89.88
90,94.66,89.19,93.1
93.91,95.82,92.09,95.46
94.83,95.17,90.66,92.07
92.21,95.01,90,93.66
89.25,91.51,88.83,90.04
90.06,91.07,87.46,90.21
91.32,94.95,89.06,91.91
91.74,93.9,90.64,92.1
92.52,100.54,91.45,92.81
93.32,95.64,90.06,91.59
